﻿<!DOCTYPE ObjectContainer>
<Container>
   <BaseObject><Key>
  <Table Name="DialogTag" Display="CEF_Scripts" Key="CCC-E33A1908357EBC4FA3E4E5E79181DBB4">
    <Prop Name="UID_DialogTag">
      <Value>CCC-E33A1908357EBC4FA3E4E5E79181DBB4</Value>
    </Prop>
  </Table>
</Key></BaseObject>
   <DeleteResiduals>true</DeleteResiduals>
   <Relations>
      <Relation Table="DialogTaggedItem" Column="UID_DialogTag" Direction="Both" />
      <Relation Table="QBMTaggedChange" Column="UID_DialogTag" Direction="Both" />
   </Relations>
   <DbObjects>
      <DbObject Display="CEF_Scripts" Version="2">
         <Key>
            <Table Name="DialogTag" Display="CEF_Scripts" Key="CCC-E33A1908357EBC4FA3E4E5E79181DBB4">
               <Prop Name="UID_DialogTag">
                  <Value>CCC-E33A1908357EBC4FA3E4E5E79181DBB4</Value>
               </Prop>
            </Table>
         </Key>
         <Columns>
            <Column Name="Commentary">
               <Value />
            </Column>
            <Column Name="CurrentState">
               <Value />
            </Column>
            <Column Name="CurrentStateRemarks">
               <Value />
            </Column>
            <Column Name="Description">
               <Value />
            </Column>
            <Column Name="Ident_DialogTag" Display="CEF_Scripts">
               <Value>CEF_Scripts</Value>
            </Column>
            <Column Name="IsClosed" Display="False">
               <Value>False</Value>
            </Column>
            <Column Name="SortOrder">
               <Value />
            </Column>
            <Column Name="TagType" Display="Change">
               <Value>CHANGE</Value>
            </Column>
            <Column Name="UID_DialogTag" Display="CCC-E33A1908357EBC4FA3E4E5E79181DBB4">
               <Value>CCC-E33A1908357EBC4FA3E4E5E79181DBB4</Value>
            </Column>
            <Column Name="UID_DialogTagParent">
               <Value />
            </Column>
            <Column Name="XObjectKey" Display="&lt;Key&gt;&lt;T&gt;DialogTag&lt;/T&gt;&lt;P&gt;CCC-E33A1908357EBC4FA3E4E5E79181DBB4&lt;/P&gt;&lt;/Key&gt;">
               <Value>&lt;Key&gt;&lt;T&gt;DialogTag&lt;/T&gt;&lt;P&gt;CCC-E33A1908357EBC4FA3E4E5E79181DBB4&lt;/P&gt;&lt;/Key&gt;</Value>
            </Column>
            <Column Name="XTouched">
               <Value />
            </Column>
         </Columns>
      </DbObject>
      <DbObject Display="CCC-E33A1908357EBC4FA3E4E5E79181DBB4 - &lt;Key&gt;&lt;T&gt;DialogScript&lt;/T&gt;&lt;P&gt;CCC-1B29855F7138EB4FB9F00C63C143E1B7&lt;/P&gt;&lt;/Key&gt;" Version="2">
         <Key>
            <Table Name="QBMTaggedChange" Display="CCC-E33A1908357EBC4FA3E4E5E79181DBB4 - &lt;Key&gt;&lt;T&gt;DialogScript&lt;/T&gt;&lt;P&gt;CCC-1B29855F7138EB4FB9F00C63C143E1B7&lt;/P&gt;&lt;/Key&gt;" Key="CCC-47159E1F8FE8F740B240BBD3091A9605">
               <Prop Name="UID_QBMTaggedChange">
                  <Value>CCC-47159E1F8FE8F740B240BBD3091A9605</Value>
               </Prop>
            </Table>
         </Key>
         <Columns>
            <Column Name="ChangeContent" Display="&lt;Diff&gt;&lt;Data State=&quot;PermissionBased&quot; /&gt;&lt;Op Columnname=&quot;Description&quot; Type=&quot;Value&quot; ValType=&quot;String&quot; AlreadyApplied=&quot;True&quot;&gt;&lt;OldValue /&gt;&lt;Value&gt;There are 2 functions in this file:&#xD;&#xA;Function 1 - loads all the messages(records) from the CCC_CEFMessages table which have not been sent&#xD;&#xA;Function 2 - sends the message over TCP or UDP&lt;/Value&gt;&lt;/Op&gt;&lt;Op Columnname=&quot;ScriptCode&quot; Type=&quot;Value&quot; ValType=&quot;String&quot; AlreadyApplied=&quot;True&quot;&gt;&lt;OldValue /&gt;&lt;Value&gt;'''''''''''''''''''''''''''''''''''''''''''''''&#xD;&#xA;''' Common Event Format (CEF) over syslog   '''&#xD;&#xA;''' Solution Accelerator                    '''&#xD;&#xA;''' Version: 1.0                            '''&#xD;&#xA;''' Author: Serkan Cetin - One Identity     '''&#xD;&#xA;''' Date: November 1, 2023                  '''&#xD;&#xA;'''''''''''''''''''''''''''''''''''''''''''''''&#xD;&#xA;&#xD;&#xA;' There are 2 functions in this file:&#xD;&#xA;' Function 1 - loads all the messages(records) from the CCC_CEFMessages table which have not been sent&#xD;&#xA;' Function 2 - sends the message over TCP or UDP&#xD;&#xA;&#xD;&#xA;#If Not SCRIPTDEBUGGER Then&#xD;&#xA;	Imports System.Net&#xD;&#xA;	Imports System.Net.Sockets&#xD;&#xA;#End If&#xD;&#xA;&#xD;&#xA;&#xD;&#xA;' this function will load all the cef message records which needs to be sent&#xD;&#xA;Public Function CCC_GetCEFMessages2Send() As String&#xD;&#xA;	Dim msgsSent As Integer = 0&#xD;&#xA;	Dim msgsFailed As Integer = 0&#xD;&#xA;&#xD;&#xA;	Try&#xD;&#xA;		' load all the unsent messages&#xD;&#xA;		Dim msgRecords As IEntityCollection&#xD;&#xA;		msgRecords = Session.Source() _&#xD;&#xA;					.GetCollection(Query _&#xD;&#xA;					.From(&quot;CCC_CEFmessages&quot;) _&#xD;&#xA;					.Where(&quot;CCC_MessageSent = 'False'&quot;) _&#xD;&#xA;					.Select(&quot;CCC_MessageSent&quot;, &quot;CCC_DateTimeSent&quot;, &quot;CCC_CEFMessage&quot;), EntityCollectionLoadType.Bulk)&#xD;&#xA;&#xD;&#xA;		' process every record&#xD;&#xA;		Using uow = Session.StartUnitOfWork()&#xD;&#xA;			For Each record As IEntity In msgRecords&#xD;&#xA;				Dim sentStatus As String = &quot;&quot;&#xD;&#xA;				sentStatus = CCC_SendSyslogMessage(record.GetValue(&quot;CCC_CEFMessage&quot;).ToString())&#xD;&#xA;				If sentStatus = &quot;SENT&quot; Then&#xD;&#xA;					record.PutValue(&quot;CCC_MessageSent&quot;,True)&#xD;&#xA;					record.PutValue(&quot;CCC_DateTimeSent&quot;, DateTime.Now)&#xD;&#xA;					msgsSent = msgsSent + 1&#xD;&#xA;				Else&#xD;&#xA;					record.PutValue(&quot;CCC_ErrorOrStatusMsg&quot;,sentStatus)&#xD;&#xA;					msgsFailed = msgsFailed + 1&#xD;&#xA;				End If&#xD;&#xA;				uow.Put(record)&#xD;&#xA;			Next&#xD;&#xA;			uow.Commit()&#xD;&#xA;		End Using&#xD;&#xA;	Catch ex As Exception&#xD;&#xA;		Throw New ViException(ex.Message.ToString())&#xD;&#xA;	End Try&#xD;&#xA;	&#xD;&#xA;	If msgsFailed &amp;gt; 0 And msgsSent = 0 Then&#xD;&#xA;		Throw New ViException(&quot;CEF - Error occurred when sending the CEF messages. Refer to the CEF messages table to review the errors for each CEF message&quot;)&#xD;&#xA;	End If&#xD;&#xA;	&#xD;&#xA;	Return &quot;Number of records sent: &quot; &amp;amp; msgsSent.ToString() &amp;amp; &quot; Number of records failed: &quot; &amp;amp; msgsFailed.ToString()	&#xD;&#xA;		&#xD;&#xA;End Function	&#xD;&#xA;&#xD;&#xA;&#xD;&#xA;' this function will send the syslog message over UDP or TCP&#xD;&#xA;Public Function CCC_SendSyslogMessage(ByVal CEFString As String) As String&#xD;&#xA;	Dim rtnString As String = &quot;&quot;&#xD;&#xA;	Try&#xD;&#xA;		Dim syslogHost As String = Connection.GetConfigParm(&quot;Custom\Syslog\HostnameOrIP&quot;)&#xD;&#xA;		Dim syslogProtocol As String = Connection.GetConfigParm(&quot;Custom\Syslog\Protocol&quot;)&#xD;&#xA;		Dim syslogPort As Integer = Convert.ToInt32(Connection.GetConfigParm(&quot;Custom\Syslog\Port&quot;))&#xD;&#xA;		&#xD;&#xA;		If syslogProtocol = &quot;UDP&quot; Then&#xD;&#xA;			Dim udpClient As New System.Net.Sockets.UdpClient&#xD;&#xA;			udpClient.Connect(syslogHost,syslogPort)		&#xD;&#xA;			Dim sendBytes As [Byte]() = Encoding.ASCII.GetBytes(CEFString)&#xD;&#xA;			udpClient.Send(sendBytes, sendBytes.Length)&#xD;&#xA;			udpClient.Close()&#xD;&#xA;		ElseIf syslogProtocol = &quot;TCP&quot; Then&#xD;&#xA;			Dim tcpClient As New System.Net.Sockets.TcpClient&#xD;&#xA;			tcpClient.Connect(syslogHost,syslogPort)&#xD;&#xA;			Dim sendBytes As [Byte]() = Encoding.ASCII.GetBytes(CEFString)&#xD;&#xA;			Dim stream As System.Net.Sockets.NetworkStream = tcpClient.GetStream()&#xD;&#xA;			stream.Write(sendBytes,0,sendBytes.Length())&#xD;&#xA;			stream.Close()&#xD;&#xA;			tcpClient.Close()		&#xD;&#xA;		End If&#xD;&#xA;	rtnString = &quot;SENT&quot;&#xD;&#xA;	Catch ex As Exception&#xD;&#xA;		rtnString = &quot;ERROR - &quot; &amp;amp; ex.Message.ToString()&#xD;&#xA;	End Try&#xD;&#xA;	Return rtnString&#xD;&#xA;&#xD;&#xA;End Function&lt;/Value&gt;&lt;/Op&gt;&lt;Op Columnname=&quot;ScriptName&quot; Type=&quot;Value&quot; ValType=&quot;String&quot; AlreadyApplied=&quot;True&quot;&gt;&lt;OldValue /&gt;&lt;Value&gt;CCC_SendSyslogMessage&lt;/Value&gt;&lt;/Op&gt;&lt;Op Columnname=&quot;UID_DialogScript&quot; Type=&quot;Value&quot; ValType=&quot;String&quot; AlreadyApplied=&quot;True&quot;&gt;&lt;OldValue /&gt;&lt;Value&gt;CCC-1B29855F7138EB4FB9F00C63C143E1B7&lt;/Value&gt;&lt;/Op&gt;&lt;/Diff&gt;">
               <Value>&lt;Diff&gt;&lt;Data State="PermissionBased" /&gt;&lt;Op Columnname="Description" Type="Value" ValType="String" AlreadyApplied="True"&gt;&lt;OldValue /&gt;&lt;Value&gt;There are 2 functions in this file:
Function 1 - loads all the messages(records) from the CCC_CEFMessages table which have not been sent
Function 2 - sends the message over TCP or UDP&lt;/Value&gt;&lt;/Op&gt;&lt;Op Columnname="ScriptCode" Type="Value" ValType="String" AlreadyApplied="True"&gt;&lt;OldValue /&gt;&lt;Value&gt;'''''''''''''''''''''''''''''''''''''''''''''''
''' Common Event Format (CEF) over syslog   '''
''' Solution Accelerator                    '''
''' Version: 1.0                            '''
''' Author: Serkan Cetin - One Identity     '''
''' Date: November 1, 2023                  '''
'''''''''''''''''''''''''''''''''''''''''''''''

' There are 2 functions in this file:
' Function 1 - loads all the messages(records) from the CCC_CEFMessages table which have not been sent
' Function 2 - sends the message over TCP or UDP

#If Not SCRIPTDEBUGGER Then
	Imports System.Net
	Imports System.Net.Sockets
#End If


' this function will load all the cef message records which needs to be sent
Public Function CCC_GetCEFMessages2Send() As String
	Dim msgsSent As Integer = 0
	Dim msgsFailed As Integer = 0

	Try
		' load all the unsent messages
		Dim msgRecords As IEntityCollection
		msgRecords = Session.Source() _
					.GetCollection(Query _
					.From("CCC_CEFmessages") _
					.Where("CCC_MessageSent = 'False'") _
					.Select("CCC_MessageSent", "CCC_DateTimeSent", "CCC_CEFMessage"), EntityCollectionLoadType.Bulk)

		' process every record
		Using uow = Session.StartUnitOfWork()
			For Each record As IEntity In msgRecords
				Dim sentStatus As String = ""
				sentStatus = CCC_SendSyslogMessage(record.GetValue("CCC_CEFMessage").ToString())
				If sentStatus = "SENT" Then
					record.PutValue("CCC_MessageSent",True)
					record.PutValue("CCC_DateTimeSent", DateTime.Now)
					msgsSent = msgsSent + 1
				Else
					record.PutValue("CCC_ErrorOrStatusMsg",sentStatus)
					msgsFailed = msgsFailed + 1
				End If
				uow.Put(record)
			Next
			uow.Commit()
		End Using
	Catch ex As Exception
		Throw New ViException(ex.Message.ToString())
	End Try
	
	If msgsFailed &amp;gt; 0 And msgsSent = 0 Then
		Throw New ViException("CEF - Error occurred when sending the CEF messages. Refer to the CEF messages table to review the errors for each CEF message")
	End If
	
	Return "Number of records sent: " &amp;amp; msgsSent.ToString() &amp;amp; " Number of records failed: " &amp;amp; msgsFailed.ToString()	
		
End Function	


' this function will send the syslog message over UDP or TCP
Public Function CCC_SendSyslogMessage(ByVal CEFString As String) As String
	Dim rtnString As String = ""
	Try
		Dim syslogHost As String = Connection.GetConfigParm("Custom\Syslog\HostnameOrIP")
		Dim syslogProtocol As String = Connection.GetConfigParm("Custom\Syslog\Protocol")
		Dim syslogPort As Integer = Convert.ToInt32(Connection.GetConfigParm("Custom\Syslog\Port"))
		
		If syslogProtocol = "UDP" Then
			Dim udpClient As New System.Net.Sockets.UdpClient
			udpClient.Connect(syslogHost,syslogPort)		
			Dim sendBytes As [Byte]() = Encoding.ASCII.GetBytes(CEFString)
			udpClient.Send(sendBytes, sendBytes.Length)
			udpClient.Close()
		ElseIf syslogProtocol = "TCP" Then
			Dim tcpClient As New System.Net.Sockets.TcpClient
			tcpClient.Connect(syslogHost,syslogPort)
			Dim sendBytes As [Byte]() = Encoding.ASCII.GetBytes(CEFString)
			Dim stream As System.Net.Sockets.NetworkStream = tcpClient.GetStream()
			stream.Write(sendBytes,0,sendBytes.Length())
			stream.Close()
			tcpClient.Close()		
		End If
	rtnString = "SENT"
	Catch ex As Exception
		rtnString = "ERROR - " &amp;amp; ex.Message.ToString()
	End Try
	Return rtnString

End Function&lt;/Value&gt;&lt;/Op&gt;&lt;Op Columnname="ScriptName" Type="Value" ValType="String" AlreadyApplied="True"&gt;&lt;OldValue /&gt;&lt;Value&gt;CCC_SendSyslogMessage&lt;/Value&gt;&lt;/Op&gt;&lt;Op Columnname="UID_DialogScript" Type="Value" ValType="String" AlreadyApplied="True"&gt;&lt;OldValue /&gt;&lt;Value&gt;CCC-1B29855F7138EB4FB9F00C63C143E1B7&lt;/Value&gt;&lt;/Op&gt;&lt;/Diff&gt;</Value>
            </Column>
            <Column Name="ObjectKey" Display="&lt;Key&gt;&lt;T&gt;DialogScript&lt;/T&gt;&lt;P&gt;CCC-1B29855F7138EB4FB9F00C63C143E1B7&lt;/P&gt;&lt;/Key&gt;">
               <Value>&lt;Key&gt;&lt;T&gt;DialogScript&lt;/T&gt;&lt;P&gt;CCC-1B29855F7138EB4FB9F00C63C143E1B7&lt;/P&gt;&lt;/Key&gt;</Value>
            </Column>
            <Column Name="SortOrder" Display="3209794133950477">
               <Value>3209794133950477</Value>
            </Column>
            <Column Name="UID_DialogTag" Display="CCC-E33A1908357EBC4FA3E4E5E79181DBB4">
               <Key>
                  <Table Name="DialogTag" Display="CEF_Scripts" Key="CCC-E33A1908357EBC4FA3E4E5E79181DBB4">
                     <Prop Name="UID_DialogTag">
                        <Value>CCC-E33A1908357EBC4FA3E4E5E79181DBB4</Value>
                     </Prop>
                  </Table>
               </Key>
            </Column>
            <Column Name="UID_QBMTaggedChange" Display="CCC-47159E1F8FE8F740B240BBD3091A9605">
               <Value>CCC-47159E1F8FE8F740B240BBD3091A9605</Value>
            </Column>
            <Column Name="XObjectKey" Display="&lt;Key&gt;&lt;T&gt;QBMTaggedChange&lt;/T&gt;&lt;P&gt;CCC-47159E1F8FE8F740B240BBD3091A9605&lt;/P&gt;&lt;/Key&gt;">
               <Value>&lt;Key&gt;&lt;T&gt;QBMTaggedChange&lt;/T&gt;&lt;P&gt;CCC-47159E1F8FE8F740B240BBD3091A9605&lt;/P&gt;&lt;/Key&gt;</Value>
            </Column>
            <Column Name="XTouched">
               <Value />
            </Column>
         </Columns>
      </DbObject>
      <DbObject Display="CCC-E33A1908357EBC4FA3E4E5E79181DBB4 - &lt;Key&gt;&lt;T&gt;DialogScript&lt;/T&gt;&lt;P&gt;CCC-A6F7893EB8DF984FA07568C68509415B&lt;/P&gt;&lt;/Key&gt;" Version="2">
         <Key>
            <Table Name="QBMTaggedChange" Display="CCC-E33A1908357EBC4FA3E4E5E79181DBB4 - &lt;Key&gt;&lt;T&gt;DialogScript&lt;/T&gt;&lt;P&gt;CCC-A6F7893EB8DF984FA07568C68509415B&lt;/P&gt;&lt;/Key&gt;" Key="CCC-218B2FE15679AD40A029BE2EB4365C53">
               <Prop Name="UID_QBMTaggedChange">
                  <Value>CCC-218B2FE15679AD40A029BE2EB4365C53</Value>
               </Prop>
            </Table>
         </Key>
         <Columns>
            <Column Name="ChangeContent" Display="&lt;Diff&gt;&lt;Data State=&quot;PermissionBased&quot; /&gt;&lt;Op Columnname=&quot;Description&quot; Type=&quot;Value&quot; ValType=&quot;String&quot; AlreadyApplied=&quot;True&quot;&gt;&lt;OldValue /&gt;&lt;Value&gt;There are 2 functions in this file:&#xD;&#xA;Function 1: CEF Message Builder - as name suggests, it constructs the CEF message&#xD;&#xA;Function 2: CEF Message Writer - it writes the record into the table CCC_CEFMessages&lt;/Value&gt;&lt;/Op&gt;&lt;Op Columnname=&quot;ScriptCode&quot; Type=&quot;Value&quot; ValType=&quot;String&quot; AlreadyApplied=&quot;True&quot;&gt;&lt;OldValue /&gt;&lt;Value&gt;'''''''''''''''''''''''''''''''''''''''''''''''&#xD;&#xA;''' Common Event Format (CEF) over syslog   '''&#xD;&#xA;''' Solution Accelerator                    '''&#xD;&#xA;''' Version: 1.0                            '''&#xD;&#xA;''' Author: Serkan Cetin - One Identity     '''&#xD;&#xA;''' Date: November 1, 2023                  '''&#xD;&#xA;'''''''''''''''''''''''''''''''''''''''''''''''&#xD;&#xA;' There are 2 functions in this file:&#xD;&#xA;' Function 1: CEF Message Builder - as name suggests, it constructs the CEF message&#xD;&#xA;' Function 2: CEF Message Writer - it writes the record into the table CCC_CEFMessages&#xD;&#xA;&#xD;&#xA;' Refer to the following links for additional information on the Common Event Format standard&#xD;&#xA;' https://www.microfocus.com/documentation/arcsight/arcsight-smartconnectors-8.4/pdfdoc/cef-implementation-standard/cef-implementation-standard.pdf&#xD;&#xA;' https://learn.microsoft.com/en-us/azure/sentinel/cef-name-mapping&#xD;&#xA;&#xD;&#xA;&#xD;&#xA;Public Function CCC_CEFMessageBuilder(ByVal EventClassID As String, _&#xD;&#xA;	ByVal EventMessage As String, _ &#xD;&#xA;	Optional ByVal datetimestamp As String = &quot;&quot;, _ &#xD;&#xA;	Optional ByVal username As String = &quot;&quot;,&#xD;&#xA;	Optional ByVal eventSeverity As String = &quot;&quot;, _&#xD;&#xA;	Optional ByVal datetimestamplabel As String = &quot;&quot;) As String&#xD;&#xA;	&#xD;&#xA;	Dim errorMsgs As String = &quot;&quot;&#xD;&#xA;	Dim activityName As String = &quot;&quot;&#xD;&#xA;	Try&#xD;&#xA;		activityName = Connection.GetSingleProperty(&quot;CCC_CEFEventClassIDs&quot;,&quot;CCC_ActivityName&quot;,&quot;CCC_EventClassID = '&quot; &amp;amp; EventClassID &amp;amp; &quot;'&quot;)&#xD;&#xA;	Catch ex As Exception&#xD;&#xA;		errorMsgs = &quot;Error when looking up the actity name using the event class ID. &quot; &amp;amp; ex.Message.ToString()&#xD;&#xA;	End Try&#xD;&#xA;	&#xD;&#xA;	If activityName = &quot;&quot; Then&#xD;&#xA;		activityName = &quot;Activity name not found&quot;&#xD;&#xA;	End If&#xD;&#xA;	&#xD;&#xA;	Dim CEFBuilder As New System.Text.StringBuilder&#xD;&#xA;	CEFBuilder.Append(&quot;CEF:0&quot;)&#xD;&#xA;	CEFBuilder.Append(&quot;|&quot;)&#xD;&#xA;	CEFBuilder.Append(&quot;One Identity&quot;)&#xD;&#xA;	CEFBuilder.Append(&quot;|&quot;)&#xD;&#xA;	CEFBuilder.Append(&quot;Identity Manager&quot;)&#xD;&#xA;	CEFBuilder.Append(&quot;|&quot;)&#xD;&#xA;	CEFBuilder.Append(Connection.GetSingleProperty(&quot;DialogDatabase&quot;,&quot;EditionVersion&quot;,&quot;IsMainDatabase = 1&quot;).ToString())&#xD;&#xA;	CEFBuilder.Append(&quot;|&quot;)&#xD;&#xA;	CEFBuilder.Append(EventClassID)&#xD;&#xA;	CEFBuilder.Append(&quot;|&quot;)&#xD;&#xA;	CEFBuilder.Append(activityName)&#xD;&#xA;	CEFBuilder.Append(&quot;|&quot;)&#xD;&#xA;	' if the severity wasnt provided, then set it to 3&#xD;&#xA;	If eventSeverity &amp;lt;&amp;gt; &quot;&quot; Then&#xD;&#xA;		CEFBuilder.Append(eventSeverity)&#xD;&#xA;	Else&#xD;&#xA;		CEFBuilder.Append(&quot;3&quot;)&#xD;&#xA;	End If&#xD;&#xA;	CEFBuilder.Append(&quot;|&quot;)&#xD;&#xA;	&#xD;&#xA;	' everything else is called an extension in CEF and the pipe delimiter is no longer required&#xD;&#xA;	' if a value was provided in calling this function, then add the value into the message&#xD;&#xA;	If datetimestamp.Length() &amp;gt; 1 Then&#xD;&#xA;		CEFBuilder.Append(&quot;deviceCustomDate1=&quot; &amp;amp; datetimestamp &amp;amp; &quot; &quot;)&#xD;&#xA;		If datetimestamplabel.Length() &amp;gt; 1 Then&#xD;&#xA;			CEFBuilder.Append(&quot;deviceCustomDate1Label=&quot; &amp;amp; datetimestamplabel &amp;amp; &quot; &quot;)&#xD;&#xA;		Else &#xD;&#xA;			CEFBuilder.Append(&quot;deviceCustomDate1Label=System_Timestamp &quot;)&#xD;&#xA;		End If&#xD;&#xA;	End If&#xD;&#xA;	If username.Length() &amp;gt; 1 Then&#xD;&#xA;		CEFBuilder.Append(&quot;duser=&quot; &amp;amp; username &amp;amp; &quot; &quot;)&#xD;&#xA;	End If&#xD;&#xA;	&#xD;&#xA;	CEFBuilder.Append(&quot;msg=&quot; &amp;amp; EventMessage)&#xD;&#xA;	&#xD;&#xA;	Return CEFBuilder.ToString()&#xD;&#xA;&#xD;&#xA;End Function&#xD;&#xA;&#xD;&#xA;&#xD;&#xA;Public Function CCC_CEFMessageWriter(ByVal CEFMessage As String) As String&#xD;&#xA;	&#xD;&#xA;	Try &#xD;&#xA;		Dim CEFRecord = Connection.CreateSingle(&quot;CCC_CEFMessages&quot;)&#xD;&#xA;		CEFRecord.PutValue(&quot;CCC_CEFMessage&quot;,CEFMessage)&#xD;&#xA;		CEFRecord.Save()&#xD;&#xA;		&#xD;&#xA;		Return CEFRecord.GetValue(&quot;UID_CCC_CEFMessages&quot;).ToString&#xD;&#xA;		&#xD;&#xA;	Catch ex As Exception&#xD;&#xA;		Throw New ViException(ex.Message.ToString)&#xD;&#xA;	End Try&#xD;&#xA;	&#xD;&#xA;End Function&lt;/Value&gt;&lt;/Op&gt;&lt;Op Columnname=&quot;ScriptName&quot; Type=&quot;Value&quot; ValType=&quot;String&quot; AlreadyApplied=&quot;True&quot;&gt;&lt;OldValue /&gt;&lt;Value&gt;CCC_CEFMessageBuilderWriter&lt;/Value&gt;&lt;/Op&gt;&lt;Op Columnname=&quot;UID_DialogScript&quot; Type=&quot;Value&quot; ValType=&quot;String&quot; AlreadyApplied=&quot;True&quot;&gt;&lt;OldValue /&gt;&lt;Value&gt;CCC-A6F7893EB8DF984FA07568C68509415B&lt;/Value&gt;&lt;/Op&gt;&lt;/Diff&gt;">
               <Value>&lt;Diff&gt;&lt;Data State="PermissionBased" /&gt;&lt;Op Columnname="Description" Type="Value" ValType="String" AlreadyApplied="True"&gt;&lt;OldValue /&gt;&lt;Value&gt;There are 2 functions in this file:
Function 1: CEF Message Builder - as name suggests, it constructs the CEF message
Function 2: CEF Message Writer - it writes the record into the table CCC_CEFMessages&lt;/Value&gt;&lt;/Op&gt;&lt;Op Columnname="ScriptCode" Type="Value" ValType="String" AlreadyApplied="True"&gt;&lt;OldValue /&gt;&lt;Value&gt;'''''''''''''''''''''''''''''''''''''''''''''''
''' Common Event Format (CEF) over syslog   '''
''' Solution Accelerator                    '''
''' Version: 1.0                            '''
''' Author: Serkan Cetin - One Identity     '''
''' Date: November 1, 2023                  '''
'''''''''''''''''''''''''''''''''''''''''''''''
' There are 2 functions in this file:
' Function 1: CEF Message Builder - as name suggests, it constructs the CEF message
' Function 2: CEF Message Writer - it writes the record into the table CCC_CEFMessages

' Refer to the following links for additional information on the Common Event Format standard
' https://www.microfocus.com/documentation/arcsight/arcsight-smartconnectors-8.4/pdfdoc/cef-implementation-standard/cef-implementation-standard.pdf
' https://learn.microsoft.com/en-us/azure/sentinel/cef-name-mapping


Public Function CCC_CEFMessageBuilder(ByVal EventClassID As String, _
	ByVal EventMessage As String, _ 
	Optional ByVal datetimestamp As String = "", _ 
	Optional ByVal username As String = "",
	Optional ByVal eventSeverity As String = "", _
	Optional ByVal datetimestamplabel As String = "") As String
	
	Dim errorMsgs As String = ""
	Dim activityName As String = ""
	Try
		activityName = Connection.GetSingleProperty("CCC_CEFEventClassIDs","CCC_ActivityName","CCC_EventClassID = '" &amp;amp; EventClassID &amp;amp; "'")
	Catch ex As Exception
		errorMsgs = "Error when looking up the actity name using the event class ID. " &amp;amp; ex.Message.ToString()
	End Try
	
	If activityName = "" Then
		activityName = "Activity name not found"
	End If
	
	Dim CEFBuilder As New System.Text.StringBuilder
	CEFBuilder.Append("CEF:0")
	CEFBuilder.Append("|")
	CEFBuilder.Append("One Identity")
	CEFBuilder.Append("|")
	CEFBuilder.Append("Identity Manager")
	CEFBuilder.Append("|")
	CEFBuilder.Append(Connection.GetSingleProperty("DialogDatabase","EditionVersion","IsMainDatabase = 1").ToString())
	CEFBuilder.Append("|")
	CEFBuilder.Append(EventClassID)
	CEFBuilder.Append("|")
	CEFBuilder.Append(activityName)
	CEFBuilder.Append("|")
	' if the severity wasnt provided, then set it to 3
	If eventSeverity &amp;lt;&amp;gt; "" Then
		CEFBuilder.Append(eventSeverity)
	Else
		CEFBuilder.Append("3")
	End If
	CEFBuilder.Append("|")
	
	' everything else is called an extension in CEF and the pipe delimiter is no longer required
	' if a value was provided in calling this function, then add the value into the message
	If datetimestamp.Length() &amp;gt; 1 Then
		CEFBuilder.Append("deviceCustomDate1=" &amp;amp; datetimestamp &amp;amp; " ")
		If datetimestamplabel.Length() &amp;gt; 1 Then
			CEFBuilder.Append("deviceCustomDate1Label=" &amp;amp; datetimestamplabel &amp;amp; " ")
		Else 
			CEFBuilder.Append("deviceCustomDate1Label=System_Timestamp ")
		End If
	End If
	If username.Length() &amp;gt; 1 Then
		CEFBuilder.Append("duser=" &amp;amp; username &amp;amp; " ")
	End If
	
	CEFBuilder.Append("msg=" &amp;amp; EventMessage)
	
	Return CEFBuilder.ToString()

End Function


Public Function CCC_CEFMessageWriter(ByVal CEFMessage As String) As String
	
	Try 
		Dim CEFRecord = Connection.CreateSingle("CCC_CEFMessages")
		CEFRecord.PutValue("CCC_CEFMessage",CEFMessage)
		CEFRecord.Save()
		
		Return CEFRecord.GetValue("UID_CCC_CEFMessages").ToString
		
	Catch ex As Exception
		Throw New ViException(ex.Message.ToString)
	End Try
	
End Function&lt;/Value&gt;&lt;/Op&gt;&lt;Op Columnname="ScriptName" Type="Value" ValType="String" AlreadyApplied="True"&gt;&lt;OldValue /&gt;&lt;Value&gt;CCC_CEFMessageBuilderWriter&lt;/Value&gt;&lt;/Op&gt;&lt;Op Columnname="UID_DialogScript" Type="Value" ValType="String" AlreadyApplied="True"&gt;&lt;OldValue /&gt;&lt;Value&gt;CCC-A6F7893EB8DF984FA07568C68509415B&lt;/Value&gt;&lt;/Op&gt;&lt;/Diff&gt;</Value>
            </Column>
            <Column Name="ObjectKey" Display="&lt;Key&gt;&lt;T&gt;DialogScript&lt;/T&gt;&lt;P&gt;CCC-A6F7893EB8DF984FA07568C68509415B&lt;/P&gt;&lt;/Key&gt;">
               <Value>&lt;Key&gt;&lt;T&gt;DialogScript&lt;/T&gt;&lt;P&gt;CCC-A6F7893EB8DF984FA07568C68509415B&lt;/P&gt;&lt;/Key&gt;</Value>
            </Column>
            <Column Name="SortOrder" Display="3209794133950476">
               <Value>3209794133950476</Value>
            </Column>
            <Column Name="UID_DialogTag" Display="CCC-E33A1908357EBC4FA3E4E5E79181DBB4">
               <Key>
                  <Table Name="DialogTag" Display="CEF_Scripts" Key="CCC-E33A1908357EBC4FA3E4E5E79181DBB4">
                     <Prop Name="UID_DialogTag">
                        <Value>CCC-E33A1908357EBC4FA3E4E5E79181DBB4</Value>
                     </Prop>
                  </Table>
               </Key>
            </Column>
            <Column Name="UID_QBMTaggedChange" Display="CCC-218B2FE15679AD40A029BE2EB4365C53">
               <Value>CCC-218B2FE15679AD40A029BE2EB4365C53</Value>
            </Column>
            <Column Name="XObjectKey" Display="&lt;Key&gt;&lt;T&gt;QBMTaggedChange&lt;/T&gt;&lt;P&gt;CCC-218B2FE15679AD40A029BE2EB4365C53&lt;/P&gt;&lt;/Key&gt;">
               <Value>&lt;Key&gt;&lt;T&gt;QBMTaggedChange&lt;/T&gt;&lt;P&gt;CCC-218B2FE15679AD40A029BE2EB4365C53&lt;/P&gt;&lt;/Key&gt;</Value>
            </Column>
            <Column Name="XTouched">
               <Value />
            </Column>
         </Columns>
      </DbObject>
   </DbObjects>
</Container>