<DBTransporter Version="3.0">
  <Header>
    <Parameter Name="Edition">STE</Parameter>
    <Parameter Name="Version">9.2</Parameter>
    <Parameter Name="ExportDate">2023-11-03 06:26:26</Parameter>
    <Parameter Name="Description">CEF config parameters</Parameter>
    <Parameter Name="Parts">Common</Parameter>
    <Parameter Name="Costs">S0|C13|D0</Parameter>
    <Parameter Name="Modules">CCC,QBM</Parameter>
  </Header>
  <Tasks>
    <Task Class="VI.Transport.TagTransport, VI.Transport" Display="TagTransport">
      <Parameter Name="Costs">S0|C13|D0</Parameter>
      <Parameter Name="TaskPath">TagTransport</Parameter>
      <Parameter Name="LockTags">True</Parameter>
      <Parameter Name="UseRelations">True</Parameter>
    </Task>
  </Tasks>
  <Modules>
    <Module Id="CCC" Name="Customer configured content" Version="9.2.0.261" />
    <Module Id="QBM" Name="Configuration Module" Version="9.2.0.261" />
  </Modules>
</DBTransporter>