﻿<!DOCTYPE ObjectContainer>
<Container>
   <BaseObject><Key>
  <Table Name="DialogTag" Display="CEF_Config_Params" Key="CCC-E4F56F05FBB0EB4EB195FBB4BC737FA0">
    <Prop Name="UID_DialogTag">
      <Value>CCC-E4F56F05FBB0EB4EB195FBB4BC737FA0</Value>
    </Prop>
  </Table>
</Key></BaseObject>
   <DeleteResiduals>true</DeleteResiduals>
   <Relations>
      <Relation Table="DialogTaggedItem" Column="UID_DialogTag" Direction="Both" />
      <Relation Table="QBMTaggedChange" Column="UID_DialogTag" Direction="Both" />
   </Relations>
   <DbObjects>
      <DbObject Display="CEF_Config_Params" Version="2">
         <Key>
            <Table Name="DialogTag" Display="CEF_Config_Params" Key="CCC-E4F56F05FBB0EB4EB195FBB4BC737FA0">
               <Prop Name="UID_DialogTag">
                  <Value>CCC-E4F56F05FBB0EB4EB195FBB4BC737FA0</Value>
               </Prop>
            </Table>
         </Key>
         <Columns>
            <Column Name="Commentary">
               <Value />
            </Column>
            <Column Name="CurrentState">
               <Value />
            </Column>
            <Column Name="CurrentStateRemarks">
               <Value />
            </Column>
            <Column Name="Description">
               <Value />
            </Column>
            <Column Name="Ident_DialogTag" Display="CEF_Config_Params">
               <Value>CEF_Config_Params</Value>
            </Column>
            <Column Name="IsClosed" Display="False">
               <Value>False</Value>
            </Column>
            <Column Name="SortOrder">
               <Value />
            </Column>
            <Column Name="TagType" Display="Change">
               <Value>CHANGE</Value>
            </Column>
            <Column Name="UID_DialogTag" Display="CCC-E4F56F05FBB0EB4EB195FBB4BC737FA0">
               <Value>CCC-E4F56F05FBB0EB4EB195FBB4BC737FA0</Value>
            </Column>
            <Column Name="UID_DialogTagParent">
               <Value />
            </Column>
            <Column Name="XObjectKey" Display="&lt;Key&gt;&lt;T&gt;DialogTag&lt;/T&gt;&lt;P&gt;CCC-E4F56F05FBB0EB4EB195FBB4BC737FA0&lt;/P&gt;&lt;/Key&gt;">
               <Value>&lt;Key&gt;&lt;T&gt;DialogTag&lt;/T&gt;&lt;P&gt;CCC-E4F56F05FBB0EB4EB195FBB4BC737FA0&lt;/P&gt;&lt;/Key&gt;</Value>
            </Column>
            <Column Name="XTouched">
               <Value />
            </Column>
         </Columns>
      </DbObject>
      <DbObject Display="CCC-E4F56F05FBB0EB4EB195FBB4BC737FA0 - &lt;Key&gt;&lt;T&gt;DialogConfigParm&lt;/T&gt;&lt;P&gt;CCC-C07FF6175EFDB047BD4FCF367F0FEA5C&lt;/P&gt;&lt;/Key&gt;" Version="2">
         <Key>
            <Table Name="QBMTaggedChange" Display="CCC-E4F56F05FBB0EB4EB195FBB4BC737FA0 - &lt;Key&gt;&lt;T&gt;DialogConfigParm&lt;/T&gt;&lt;P&gt;CCC-C07FF6175EFDB047BD4FCF367F0FEA5C&lt;/P&gt;&lt;/Key&gt;" Key="CCC-0D95B50355DFDD4FA2A382A977347E3B">
               <Prop Name="UID_QBMTaggedChange">
                  <Value>CCC-0D95B50355DFDD4FA2A382A977347E3B</Value>
               </Prop>
            </Table>
         </Key>
         <Columns>
            <Column Name="ChangeContent" Display="&lt;Diff&gt;&lt;Data State=&quot;PermissionBased&quot; /&gt;&lt;Op Columnname=&quot;ConfigParm&quot; Type=&quot;Value&quot; ValType=&quot;String&quot; AlreadyApplied=&quot;True&quot;&gt;&lt;OldValue /&gt;&lt;Value&gt;RetentionDays&lt;/Value&gt;&lt;/Op&gt;&lt;Op Columnname=&quot;Enabled&quot; Type=&quot;Value&quot; ValType=&quot;Bool&quot; AlreadyApplied=&quot;True&quot;&gt;&lt;OldValue&gt;False&lt;/OldValue&gt;&lt;Value&gt;True&lt;/Value&gt;&lt;/Op&gt;&lt;Op Columnname=&quot;UID_ConfigParm&quot; Type=&quot;Value&quot; ValType=&quot;String&quot; AlreadyApplied=&quot;True&quot;&gt;&lt;OldValue /&gt;&lt;Value&gt;CCC-C07FF6175EFDB047BD4FCF367F0FEA5C&lt;/Value&gt;&lt;/Op&gt;&lt;Op Columnname=&quot;UID_ParentConfigparm&quot; Type=&quot;Value&quot; ValType=&quot;String&quot; AlreadyApplied=&quot;True&quot;&gt;&lt;OldValue /&gt;&lt;Value&gt;CCC-D5899B402E21C04986839A8881E337C6&lt;/Value&gt;&lt;/Op&gt;&lt;Op Columnname=&quot;Value&quot; Type=&quot;Value&quot; ValType=&quot;String&quot; AlreadyApplied=&quot;True&quot;&gt;&lt;OldValue /&gt;&lt;Value&gt;30&lt;/Value&gt;&lt;/Op&gt;&lt;/Diff&gt;">
               <Value>&lt;Diff&gt;&lt;Data State="PermissionBased" /&gt;&lt;Op Columnname="ConfigParm" Type="Value" ValType="String" AlreadyApplied="True"&gt;&lt;OldValue /&gt;&lt;Value&gt;RetentionDays&lt;/Value&gt;&lt;/Op&gt;&lt;Op Columnname="Enabled" Type="Value" ValType="Bool" AlreadyApplied="True"&gt;&lt;OldValue&gt;False&lt;/OldValue&gt;&lt;Value&gt;True&lt;/Value&gt;&lt;/Op&gt;&lt;Op Columnname="UID_ConfigParm" Type="Value" ValType="String" AlreadyApplied="True"&gt;&lt;OldValue /&gt;&lt;Value&gt;CCC-C07FF6175EFDB047BD4FCF367F0FEA5C&lt;/Value&gt;&lt;/Op&gt;&lt;Op Columnname="UID_ParentConfigparm" Type="Value" ValType="String" AlreadyApplied="True"&gt;&lt;OldValue /&gt;&lt;Value&gt;CCC-D5899B402E21C04986839A8881E337C6&lt;/Value&gt;&lt;/Op&gt;&lt;Op Columnname="Value" Type="Value" ValType="String" AlreadyApplied="True"&gt;&lt;OldValue /&gt;&lt;Value&gt;30&lt;/Value&gt;&lt;/Op&gt;&lt;/Diff&gt;</Value>
            </Column>
            <Column Name="ObjectKey" Display="&lt;Key&gt;&lt;T&gt;DialogConfigParm&lt;/T&gt;&lt;P&gt;CCC-C07FF6175EFDB047BD4FCF367F0FEA5C&lt;/P&gt;&lt;/Key&gt;">
               <Value>&lt;Key&gt;&lt;T&gt;DialogConfigParm&lt;/T&gt;&lt;P&gt;CCC-C07FF6175EFDB047BD4FCF367F0FEA5C&lt;/P&gt;&lt;/Key&gt;</Value>
            </Column>
            <Column Name="SortOrder" Display="3210234576633869">
               <Value>3210234576633869</Value>
            </Column>
            <Column Name="UID_DialogTag" Display="CCC-E4F56F05FBB0EB4EB195FBB4BC737FA0">
               <Key>
                  <Table Name="DialogTag" Display="CEF_Config_Params" Key="CCC-E4F56F05FBB0EB4EB195FBB4BC737FA0">
                     <Prop Name="UID_DialogTag">
                        <Value>CCC-E4F56F05FBB0EB4EB195FBB4BC737FA0</Value>
                     </Prop>
                  </Table>
               </Key>
            </Column>
            <Column Name="UID_QBMTaggedChange" Display="CCC-0D95B50355DFDD4FA2A382A977347E3B">
               <Value>CCC-0D95B50355DFDD4FA2A382A977347E3B</Value>
            </Column>
            <Column Name="XObjectKey" Display="&lt;Key&gt;&lt;T&gt;QBMTaggedChange&lt;/T&gt;&lt;P&gt;CCC-0D95B50355DFDD4FA2A382A977347E3B&lt;/P&gt;&lt;/Key&gt;">
               <Value>&lt;Key&gt;&lt;T&gt;QBMTaggedChange&lt;/T&gt;&lt;P&gt;CCC-0D95B50355DFDD4FA2A382A977347E3B&lt;/P&gt;&lt;/Key&gt;</Value>
            </Column>
            <Column Name="XTouched">
               <Value />
            </Column>
         </Columns>
      </DbObject>
      <DbObject Display="CCC-E4F56F05FBB0EB4EB195FBB4BC737FA0 - &lt;Key&gt;&lt;T&gt;DialogConfigParm&lt;/T&gt;&lt;P&gt;CCC-D22083CD035C2140A6E9125686649592&lt;/P&gt;&lt;/Key&gt;" Version="2">
         <Key>
            <Table Name="QBMTaggedChange" Display="CCC-E4F56F05FBB0EB4EB195FBB4BC737FA0 - &lt;Key&gt;&lt;T&gt;DialogConfigParm&lt;/T&gt;&lt;P&gt;CCC-D22083CD035C2140A6E9125686649592&lt;/P&gt;&lt;/Key&gt;" Key="CCC-DB65C31141C66146A567223B1A8DDCD0">
               <Prop Name="UID_QBMTaggedChange">
                  <Value>CCC-DB65C31141C66146A567223B1A8DDCD0</Value>
               </Prop>
            </Table>
         </Key>
         <Columns>
            <Column Name="ChangeContent" Display="&lt;Diff&gt;&lt;Data State=&quot;PermissionBased&quot; /&gt;&lt;Op Columnname=&quot;ConfigParm&quot; Type=&quot;Value&quot; ValType=&quot;String&quot; AlreadyApplied=&quot;True&quot;&gt;&lt;OldValue /&gt;&lt;Value&gt;Port&lt;/Value&gt;&lt;/Op&gt;&lt;Op Columnname=&quot;UID_ConfigParm&quot; Type=&quot;Value&quot; ValType=&quot;String&quot; AlreadyApplied=&quot;True&quot;&gt;&lt;OldValue /&gt;&lt;Value&gt;CCC-D22083CD035C2140A6E9125686649592&lt;/Value&gt;&lt;/Op&gt;&lt;Op Columnname=&quot;UID_ParentConfigparm&quot; Type=&quot;Value&quot; ValType=&quot;String&quot; AlreadyApplied=&quot;True&quot;&gt;&lt;OldValue /&gt;&lt;Value&gt;CCC-D5899B402E21C04986839A8881E337C6&lt;/Value&gt;&lt;/Op&gt;&lt;Op Columnname=&quot;Value&quot; Type=&quot;Value&quot; ValType=&quot;String&quot; AlreadyApplied=&quot;True&quot;&gt;&lt;OldValue /&gt;&lt;Value&gt;514&lt;/Value&gt;&lt;/Op&gt;&lt;/Diff&gt;">
               <Value>&lt;Diff&gt;&lt;Data State="PermissionBased" /&gt;&lt;Op Columnname="ConfigParm" Type="Value" ValType="String" AlreadyApplied="True"&gt;&lt;OldValue /&gt;&lt;Value&gt;Port&lt;/Value&gt;&lt;/Op&gt;&lt;Op Columnname="UID_ConfigParm" Type="Value" ValType="String" AlreadyApplied="True"&gt;&lt;OldValue /&gt;&lt;Value&gt;CCC-D22083CD035C2140A6E9125686649592&lt;/Value&gt;&lt;/Op&gt;&lt;Op Columnname="UID_ParentConfigparm" Type="Value" ValType="String" AlreadyApplied="True"&gt;&lt;OldValue /&gt;&lt;Value&gt;CCC-D5899B402E21C04986839A8881E337C6&lt;/Value&gt;&lt;/Op&gt;&lt;Op Columnname="Value" Type="Value" ValType="String" AlreadyApplied="True"&gt;&lt;OldValue /&gt;&lt;Value&gt;514&lt;/Value&gt;&lt;/Op&gt;&lt;/Diff&gt;</Value>
            </Column>
            <Column Name="ObjectKey" Display="&lt;Key&gt;&lt;T&gt;DialogConfigParm&lt;/T&gt;&lt;P&gt;CCC-D22083CD035C2140A6E9125686649592&lt;/P&gt;&lt;/Key&gt;">
               <Value>&lt;Key&gt;&lt;T&gt;DialogConfigParm&lt;/T&gt;&lt;P&gt;CCC-D22083CD035C2140A6E9125686649592&lt;/P&gt;&lt;/Key&gt;</Value>
            </Column>
            <Column Name="SortOrder" Display="3209789363453956">
               <Value>3209789363453956</Value>
            </Column>
            <Column Name="UID_DialogTag" Display="CCC-E4F56F05FBB0EB4EB195FBB4BC737FA0">
               <Key>
                  <Table Name="DialogTag" Display="CEF_Config_Params" Key="CCC-E4F56F05FBB0EB4EB195FBB4BC737FA0">
                     <Prop Name="UID_DialogTag">
                        <Value>CCC-E4F56F05FBB0EB4EB195FBB4BC737FA0</Value>
                     </Prop>
                  </Table>
               </Key>
            </Column>
            <Column Name="UID_QBMTaggedChange" Display="CCC-DB65C31141C66146A567223B1A8DDCD0">
               <Value>CCC-DB65C31141C66146A567223B1A8DDCD0</Value>
            </Column>
            <Column Name="XObjectKey" Display="&lt;Key&gt;&lt;T&gt;QBMTaggedChange&lt;/T&gt;&lt;P&gt;CCC-DB65C31141C66146A567223B1A8DDCD0&lt;/P&gt;&lt;/Key&gt;">
               <Value>&lt;Key&gt;&lt;T&gt;QBMTaggedChange&lt;/T&gt;&lt;P&gt;CCC-DB65C31141C66146A567223B1A8DDCD0&lt;/P&gt;&lt;/Key&gt;</Value>
            </Column>
            <Column Name="XTouched">
               <Value />
            </Column>
         </Columns>
      </DbObject>
      <DbObject Display="CCC-E4F56F05FBB0EB4EB195FBB4BC737FA0 - &lt;Key&gt;&lt;T&gt;DialogConfigParm&lt;/T&gt;&lt;P&gt;CCC-D22083CD035C2140A6E9125686649592&lt;/P&gt;&lt;/Key&gt;" Version="2">
         <Key>
            <Table Name="QBMTaggedChange" Display="CCC-E4F56F05FBB0EB4EB195FBB4BC737FA0 - &lt;Key&gt;&lt;T&gt;DialogConfigParm&lt;/T&gt;&lt;P&gt;CCC-D22083CD035C2140A6E9125686649592&lt;/P&gt;&lt;/Key&gt;" Key="CCC-E465ADEC6A5D474BBCE5D0F9B71B5D53">
               <Prop Name="UID_QBMTaggedChange">
                  <Value>CCC-E465ADEC6A5D474BBCE5D0F9B71B5D53</Value>
               </Prop>
            </Table>
         </Key>
         <Columns>
            <Column Name="ChangeContent" Display="&lt;Diff&gt;&lt;Data State=&quot;Loaded, PermissionBased&quot; /&gt;&lt;Op Columnname=&quot;Enabled&quot; Type=&quot;Value&quot; ValType=&quot;Bool&quot; AlreadyApplied=&quot;True&quot;&gt;&lt;OldValue&gt;False&lt;/OldValue&gt;&lt;Value&gt;True&lt;/Value&gt;&lt;/Op&gt;&lt;/Diff&gt;">
               <Value>&lt;Diff&gt;&lt;Data State="Loaded, PermissionBased" /&gt;&lt;Op Columnname="Enabled" Type="Value" ValType="Bool" AlreadyApplied="True"&gt;&lt;OldValue&gt;False&lt;/OldValue&gt;&lt;Value&gt;True&lt;/Value&gt;&lt;/Op&gt;&lt;/Diff&gt;</Value>
            </Column>
            <Column Name="ObjectKey" Display="&lt;Key&gt;&lt;T&gt;DialogConfigParm&lt;/T&gt;&lt;P&gt;CCC-D22083CD035C2140A6E9125686649592&lt;/P&gt;&lt;/Key&gt;">
               <Value>&lt;Key&gt;&lt;T&gt;DialogConfigParm&lt;/T&gt;&lt;P&gt;CCC-D22083CD035C2140A6E9125686649592&lt;/P&gt;&lt;/Key&gt;</Value>
            </Column>
            <Column Name="SortOrder" Display="3209789365485578">
               <Value>3209789365485578</Value>
            </Column>
            <Column Name="UID_DialogTag" Display="CCC-E4F56F05FBB0EB4EB195FBB4BC737FA0">
               <Key>
                  <Table Name="DialogTag" Display="CEF_Config_Params" Key="CCC-E4F56F05FBB0EB4EB195FBB4BC737FA0">
                     <Prop Name="UID_DialogTag">
                        <Value>CCC-E4F56F05FBB0EB4EB195FBB4BC737FA0</Value>
                     </Prop>
                  </Table>
               </Key>
            </Column>
            <Column Name="UID_QBMTaggedChange" Display="CCC-E465ADEC6A5D474BBCE5D0F9B71B5D53">
               <Value>CCC-E465ADEC6A5D474BBCE5D0F9B71B5D53</Value>
            </Column>
            <Column Name="XObjectKey" Display="&lt;Key&gt;&lt;T&gt;QBMTaggedChange&lt;/T&gt;&lt;P&gt;CCC-E465ADEC6A5D474BBCE5D0F9B71B5D53&lt;/P&gt;&lt;/Key&gt;">
               <Value>&lt;Key&gt;&lt;T&gt;QBMTaggedChange&lt;/T&gt;&lt;P&gt;CCC-E465ADEC6A5D474BBCE5D0F9B71B5D53&lt;/P&gt;&lt;/Key&gt;</Value>
            </Column>
            <Column Name="XTouched">
               <Value />
            </Column>
         </Columns>
      </DbObject>
      <DbObject Display="CCC-E4F56F05FBB0EB4EB195FBB4BC737FA0 - &lt;Key&gt;&lt;T&gt;DialogConfigParm&lt;/T&gt;&lt;P&gt;CCC-D40640D0B346334CB9FE47DC0A3E3FEF&lt;/P&gt;&lt;/Key&gt;" Version="2">
         <Key>
            <Table Name="QBMTaggedChange" Display="CCC-E4F56F05FBB0EB4EB195FBB4BC737FA0 - &lt;Key&gt;&lt;T&gt;DialogConfigParm&lt;/T&gt;&lt;P&gt;CCC-D40640D0B346334CB9FE47DC0A3E3FEF&lt;/P&gt;&lt;/Key&gt;" Key="CCC-B02F39EAB40BE44E826CEA79826E8572">
               <Prop Name="UID_QBMTaggedChange">
                  <Value>CCC-B02F39EAB40BE44E826CEA79826E8572</Value>
               </Prop>
            </Table>
         </Key>
         <Columns>
            <Column Name="ChangeContent" Display="&lt;Diff&gt;&lt;Data State=&quot;PermissionBased&quot; /&gt;&lt;Op Columnname=&quot;ConfigParm&quot; Type=&quot;Value&quot; ValType=&quot;String&quot; AlreadyApplied=&quot;True&quot;&gt;&lt;OldValue /&gt;&lt;Value&gt;Protocol&lt;/Value&gt;&lt;/Op&gt;&lt;Op Columnname=&quot;UID_ConfigParm&quot; Type=&quot;Value&quot; ValType=&quot;String&quot; AlreadyApplied=&quot;True&quot;&gt;&lt;OldValue /&gt;&lt;Value&gt;CCC-D40640D0B346334CB9FE47DC0A3E3FEF&lt;/Value&gt;&lt;/Op&gt;&lt;Op Columnname=&quot;UID_ParentConfigparm&quot; Type=&quot;Value&quot; ValType=&quot;String&quot; AlreadyApplied=&quot;True&quot;&gt;&lt;OldValue /&gt;&lt;Value&gt;CCC-D5899B402E21C04986839A8881E337C6&lt;/Value&gt;&lt;/Op&gt;&lt;Op Columnname=&quot;Value&quot; Type=&quot;Value&quot; ValType=&quot;String&quot; AlreadyApplied=&quot;True&quot;&gt;&lt;OldValue /&gt;&lt;Value&gt;UDP&lt;/Value&gt;&lt;/Op&gt;&lt;/Diff&gt;">
               <Value>&lt;Diff&gt;&lt;Data State="PermissionBased" /&gt;&lt;Op Columnname="ConfigParm" Type="Value" ValType="String" AlreadyApplied="True"&gt;&lt;OldValue /&gt;&lt;Value&gt;Protocol&lt;/Value&gt;&lt;/Op&gt;&lt;Op Columnname="UID_ConfigParm" Type="Value" ValType="String" AlreadyApplied="True"&gt;&lt;OldValue /&gt;&lt;Value&gt;CCC-D40640D0B346334CB9FE47DC0A3E3FEF&lt;/Value&gt;&lt;/Op&gt;&lt;Op Columnname="UID_ParentConfigparm" Type="Value" ValType="String" AlreadyApplied="True"&gt;&lt;OldValue /&gt;&lt;Value&gt;CCC-D5899B402E21C04986839A8881E337C6&lt;/Value&gt;&lt;/Op&gt;&lt;Op Columnname="Value" Type="Value" ValType="String" AlreadyApplied="True"&gt;&lt;OldValue /&gt;&lt;Value&gt;UDP&lt;/Value&gt;&lt;/Op&gt;&lt;/Diff&gt;</Value>
            </Column>
            <Column Name="ObjectKey" Display="&lt;Key&gt;&lt;T&gt;DialogConfigParm&lt;/T&gt;&lt;P&gt;CCC-D40640D0B346334CB9FE47DC0A3E3FEF&lt;/P&gt;&lt;/Key&gt;">
               <Value>&lt;Key&gt;&lt;T&gt;DialogConfigParm&lt;/T&gt;&lt;P&gt;CCC-D40640D0B346334CB9FE47DC0A3E3FEF&lt;/P&gt;&lt;/Key&gt;</Value>
            </Column>
            <Column Name="SortOrder" Display="3209789363781637">
               <Value>3209789363781637</Value>
            </Column>
            <Column Name="UID_DialogTag" Display="CCC-E4F56F05FBB0EB4EB195FBB4BC737FA0">
               <Key>
                  <Table Name="DialogTag" Display="CEF_Config_Params" Key="CCC-E4F56F05FBB0EB4EB195FBB4BC737FA0">
                     <Prop Name="UID_DialogTag">
                        <Value>CCC-E4F56F05FBB0EB4EB195FBB4BC737FA0</Value>
                     </Prop>
                  </Table>
               </Key>
            </Column>
            <Column Name="UID_QBMTaggedChange" Display="CCC-B02F39EAB40BE44E826CEA79826E8572">
               <Value>CCC-B02F39EAB40BE44E826CEA79826E8572</Value>
            </Column>
            <Column Name="XObjectKey" Display="&lt;Key&gt;&lt;T&gt;QBMTaggedChange&lt;/T&gt;&lt;P&gt;CCC-B02F39EAB40BE44E826CEA79826E8572&lt;/P&gt;&lt;/Key&gt;">
               <Value>&lt;Key&gt;&lt;T&gt;QBMTaggedChange&lt;/T&gt;&lt;P&gt;CCC-B02F39EAB40BE44E826CEA79826E8572&lt;/P&gt;&lt;/Key&gt;</Value>
            </Column>
            <Column Name="XTouched">
               <Value />
            </Column>
         </Columns>
      </DbObject>
      <DbObject Display="CCC-E4F56F05FBB0EB4EB195FBB4BC737FA0 - &lt;Key&gt;&lt;T&gt;DialogConfigParm&lt;/T&gt;&lt;P&gt;CCC-D40640D0B346334CB9FE47DC0A3E3FEF&lt;/P&gt;&lt;/Key&gt;" Version="2">
         <Key>
            <Table Name="QBMTaggedChange" Display="CCC-E4F56F05FBB0EB4EB195FBB4BC737FA0 - &lt;Key&gt;&lt;T&gt;DialogConfigParm&lt;/T&gt;&lt;P&gt;CCC-D40640D0B346334CB9FE47DC0A3E3FEF&lt;/P&gt;&lt;/Key&gt;" Key="CCC-30ED9A543AE2FA43BF2A8502C1276DC0">
               <Prop Name="UID_QBMTaggedChange">
                  <Value>CCC-30ED9A543AE2FA43BF2A8502C1276DC0</Value>
               </Prop>
            </Table>
         </Key>
         <Columns>
            <Column Name="ChangeContent" Display="&lt;Diff&gt;&lt;Data State=&quot;Loaded, PermissionBased&quot; /&gt;&lt;Op Columnname=&quot;Enabled&quot; Type=&quot;Value&quot; ValType=&quot;Bool&quot; AlreadyApplied=&quot;True&quot;&gt;&lt;OldValue&gt;False&lt;/OldValue&gt;&lt;Value&gt;True&lt;/Value&gt;&lt;/Op&gt;&lt;/Diff&gt;">
               <Value>&lt;Diff&gt;&lt;Data State="Loaded, PermissionBased" /&gt;&lt;Op Columnname="Enabled" Type="Value" ValType="Bool" AlreadyApplied="True"&gt;&lt;OldValue&gt;False&lt;/OldValue&gt;&lt;Value&gt;True&lt;/Value&gt;&lt;/Op&gt;&lt;/Diff&gt;</Value>
            </Column>
            <Column Name="ObjectKey" Display="&lt;Key&gt;&lt;T&gt;DialogConfigParm&lt;/T&gt;&lt;P&gt;CCC-D40640D0B346334CB9FE47DC0A3E3FEF&lt;/P&gt;&lt;/Key&gt;">
               <Value>&lt;Key&gt;&lt;T&gt;DialogConfigParm&lt;/T&gt;&lt;P&gt;CCC-D40640D0B346334CB9FE47DC0A3E3FEF&lt;/P&gt;&lt;/Key&gt;</Value>
            </Column>
            <Column Name="SortOrder" Display="3209789365485579">
               <Value>3209789365485579</Value>
            </Column>
            <Column Name="UID_DialogTag" Display="CCC-E4F56F05FBB0EB4EB195FBB4BC737FA0">
               <Key>
                  <Table Name="DialogTag" Display="CEF_Config_Params" Key="CCC-E4F56F05FBB0EB4EB195FBB4BC737FA0">
                     <Prop Name="UID_DialogTag">
                        <Value>CCC-E4F56F05FBB0EB4EB195FBB4BC737FA0</Value>
                     </Prop>
                  </Table>
               </Key>
            </Column>
            <Column Name="UID_QBMTaggedChange" Display="CCC-30ED9A543AE2FA43BF2A8502C1276DC0">
               <Value>CCC-30ED9A543AE2FA43BF2A8502C1276DC0</Value>
            </Column>
            <Column Name="XObjectKey" Display="&lt;Key&gt;&lt;T&gt;QBMTaggedChange&lt;/T&gt;&lt;P&gt;CCC-30ED9A543AE2FA43BF2A8502C1276DC0&lt;/P&gt;&lt;/Key&gt;">
               <Value>&lt;Key&gt;&lt;T&gt;QBMTaggedChange&lt;/T&gt;&lt;P&gt;CCC-30ED9A543AE2FA43BF2A8502C1276DC0&lt;/P&gt;&lt;/Key&gt;</Value>
            </Column>
            <Column Name="XTouched">
               <Value />
            </Column>
         </Columns>
      </DbObject>
      <DbObject Display="CCC-E4F56F05FBB0EB4EB195FBB4BC737FA0 - &lt;Key&gt;&lt;T&gt;DialogConfigParm&lt;/T&gt;&lt;P&gt;CCC-D5899B402E21C04986839A8881E337C6&lt;/P&gt;&lt;/Key&gt;" Version="2">
         <Key>
            <Table Name="QBMTaggedChange" Display="CCC-E4F56F05FBB0EB4EB195FBB4BC737FA0 - &lt;Key&gt;&lt;T&gt;DialogConfigParm&lt;/T&gt;&lt;P&gt;CCC-D5899B402E21C04986839A8881E337C6&lt;/P&gt;&lt;/Key&gt;" Key="CCC-3BDD5D34CB88B044AA477569656B8425">
               <Prop Name="UID_QBMTaggedChange">
                  <Value>CCC-3BDD5D34CB88B044AA477569656B8425</Value>
               </Prop>
            </Table>
         </Key>
         <Columns>
            <Column Name="ChangeContent" Display="&lt;Diff&gt;&lt;Data State=&quot;Loaded, PermissionBased&quot; /&gt;&lt;Op Columnname=&quot;Enabled&quot; Type=&quot;Value&quot; ValType=&quot;Bool&quot; AlreadyApplied=&quot;True&quot;&gt;&lt;OldValue&gt;False&lt;/OldValue&gt;&lt;Value&gt;True&lt;/Value&gt;&lt;/Op&gt;&lt;/Diff&gt;">
               <Value>&lt;Diff&gt;&lt;Data State="Loaded, PermissionBased" /&gt;&lt;Op Columnname="Enabled" Type="Value" ValType="Bool" AlreadyApplied="True"&gt;&lt;OldValue&gt;False&lt;/OldValue&gt;&lt;Value&gt;True&lt;/Value&gt;&lt;/Op&gt;&lt;/Diff&gt;</Value>
            </Column>
            <Column Name="ObjectKey" Display="&lt;Key&gt;&lt;T&gt;DialogConfigParm&lt;/T&gt;&lt;P&gt;CCC-D5899B402E21C04986839A8881E337C6&lt;/P&gt;&lt;/Key&gt;">
               <Value>&lt;Key&gt;&lt;T&gt;DialogConfigParm&lt;/T&gt;&lt;P&gt;CCC-D5899B402E21C04986839A8881E337C6&lt;/P&gt;&lt;/Key&gt;</Value>
            </Column>
            <Column Name="SortOrder" Display="3209789364437000">
               <Value>3209789364437000</Value>
            </Column>
            <Column Name="UID_DialogTag" Display="CCC-E4F56F05FBB0EB4EB195FBB4BC737FA0">
               <Key>
                  <Table Name="DialogTag" Display="CEF_Config_Params" Key="CCC-E4F56F05FBB0EB4EB195FBB4BC737FA0">
                     <Prop Name="UID_DialogTag">
                        <Value>CCC-E4F56F05FBB0EB4EB195FBB4BC737FA0</Value>
                     </Prop>
                  </Table>
               </Key>
            </Column>
            <Column Name="UID_QBMTaggedChange" Display="CCC-3BDD5D34CB88B044AA477569656B8425">
               <Value>CCC-3BDD5D34CB88B044AA477569656B8425</Value>
            </Column>
            <Column Name="XObjectKey" Display="&lt;Key&gt;&lt;T&gt;QBMTaggedChange&lt;/T&gt;&lt;P&gt;CCC-3BDD5D34CB88B044AA477569656B8425&lt;/P&gt;&lt;/Key&gt;">
               <Value>&lt;Key&gt;&lt;T&gt;QBMTaggedChange&lt;/T&gt;&lt;P&gt;CCC-3BDD5D34CB88B044AA477569656B8425&lt;/P&gt;&lt;/Key&gt;</Value>
            </Column>
            <Column Name="XTouched">
               <Value />
            </Column>
         </Columns>
      </DbObject>
      <DbObject Display="CCC-E4F56F05FBB0EB4EB195FBB4BC737FA0 - &lt;Key&gt;&lt;T&gt;DialogConfigParm&lt;/T&gt;&lt;P&gt;CCC-D5899B402E21C04986839A8881E337C6&lt;/P&gt;&lt;/Key&gt;" Version="2">
         <Key>
            <Table Name="QBMTaggedChange" Display="CCC-E4F56F05FBB0EB4EB195FBB4BC737FA0 - &lt;Key&gt;&lt;T&gt;DialogConfigParm&lt;/T&gt;&lt;P&gt;CCC-D5899B402E21C04986839A8881E337C6&lt;/P&gt;&lt;/Key&gt;" Key="CCC-C23717409B27274BA3A825B6EA6CCDE0">
               <Prop Name="UID_QBMTaggedChange">
                  <Value>CCC-C23717409B27274BA3A825B6EA6CCDE0</Value>
               </Prop>
            </Table>
         </Key>
         <Columns>
            <Column Name="ChangeContent" Display="&lt;Diff&gt;&lt;Data State=&quot;PermissionBased&quot; /&gt;&lt;Op Columnname=&quot;ConfigParm&quot; Type=&quot;Value&quot; ValType=&quot;String&quot; AlreadyApplied=&quot;True&quot;&gt;&lt;OldValue /&gt;&lt;Value&gt;Syslog&lt;/Value&gt;&lt;/Op&gt;&lt;Op Columnname=&quot;UID_ConfigParm&quot; Type=&quot;Value&quot; ValType=&quot;String&quot; AlreadyApplied=&quot;True&quot;&gt;&lt;OldValue /&gt;&lt;Value&gt;CCC-D5899B402E21C04986839A8881E337C6&lt;/Value&gt;&lt;/Op&gt;&lt;Op Columnname=&quot;UID_ParentConfigparm&quot; Type=&quot;Value&quot; ValType=&quot;String&quot; AlreadyApplied=&quot;True&quot;&gt;&lt;OldValue /&gt;&lt;Value&gt;QBM-2806300B23BB40C5963B7A221AE3D639&lt;/Value&gt;&lt;/Op&gt;&lt;Op Columnname=&quot;Value&quot; Type=&quot;Value&quot; ValType=&quot;String&quot; AlreadyApplied=&quot;True&quot;&gt;&lt;OldValue /&gt;&lt;Value&gt;1&lt;/Value&gt;&lt;/Op&gt;&lt;/Diff&gt;">
               <Value>&lt;Diff&gt;&lt;Data State="PermissionBased" /&gt;&lt;Op Columnname="ConfigParm" Type="Value" ValType="String" AlreadyApplied="True"&gt;&lt;OldValue /&gt;&lt;Value&gt;Syslog&lt;/Value&gt;&lt;/Op&gt;&lt;Op Columnname="UID_ConfigParm" Type="Value" ValType="String" AlreadyApplied="True"&gt;&lt;OldValue /&gt;&lt;Value&gt;CCC-D5899B402E21C04986839A8881E337C6&lt;/Value&gt;&lt;/Op&gt;&lt;Op Columnname="UID_ParentConfigparm" Type="Value" ValType="String" AlreadyApplied="True"&gt;&lt;OldValue /&gt;&lt;Value&gt;QBM-2806300B23BB40C5963B7A221AE3D639&lt;/Value&gt;&lt;/Op&gt;&lt;Op Columnname="Value" Type="Value" ValType="String" AlreadyApplied="True"&gt;&lt;OldValue /&gt;&lt;Value&gt;1&lt;/Value&gt;&lt;/Op&gt;&lt;/Diff&gt;</Value>
            </Column>
            <Column Name="ObjectKey" Display="&lt;Key&gt;&lt;T&gt;DialogConfigParm&lt;/T&gt;&lt;P&gt;CCC-D5899B402E21C04986839A8881E337C6&lt;/P&gt;&lt;/Key&gt;">
               <Value>&lt;Key&gt;&lt;T&gt;DialogConfigParm&lt;/T&gt;&lt;P&gt;CCC-D5899B402E21C04986839A8881E337C6&lt;/P&gt;&lt;/Key&gt;</Value>
            </Column>
            <Column Name="SortOrder" Display="3209789362667522">
               <Value>3209789362667522</Value>
            </Column>
            <Column Name="UID_DialogTag" Display="CCC-E4F56F05FBB0EB4EB195FBB4BC737FA0">
               <Key>
                  <Table Name="DialogTag" Display="CEF_Config_Params" Key="CCC-E4F56F05FBB0EB4EB195FBB4BC737FA0">
                     <Prop Name="UID_DialogTag">
                        <Value>CCC-E4F56F05FBB0EB4EB195FBB4BC737FA0</Value>
                     </Prop>
                  </Table>
               </Key>
            </Column>
            <Column Name="UID_QBMTaggedChange" Display="CCC-C23717409B27274BA3A825B6EA6CCDE0">
               <Value>CCC-C23717409B27274BA3A825B6EA6CCDE0</Value>
            </Column>
            <Column Name="XObjectKey" Display="&lt;Key&gt;&lt;T&gt;QBMTaggedChange&lt;/T&gt;&lt;P&gt;CCC-C23717409B27274BA3A825B6EA6CCDE0&lt;/P&gt;&lt;/Key&gt;">
               <Value>&lt;Key&gt;&lt;T&gt;QBMTaggedChange&lt;/T&gt;&lt;P&gt;CCC-C23717409B27274BA3A825B6EA6CCDE0&lt;/P&gt;&lt;/Key&gt;</Value>
            </Column>
            <Column Name="XTouched">
               <Value />
            </Column>
         </Columns>
      </DbObject>
      <DbObject Display="CCC-E4F56F05FBB0EB4EB195FBB4BC737FA0 - &lt;Key&gt;&lt;T&gt;DialogConfigParm&lt;/T&gt;&lt;P&gt;CCC-FD8B82354AD07A4683A45CD797CC9F64&lt;/P&gt;&lt;/Key&gt;" Version="2">
         <Key>
            <Table Name="QBMTaggedChange" Display="CCC-E4F56F05FBB0EB4EB195FBB4BC737FA0 - &lt;Key&gt;&lt;T&gt;DialogConfigParm&lt;/T&gt;&lt;P&gt;CCC-FD8B82354AD07A4683A45CD797CC9F64&lt;/P&gt;&lt;/Key&gt;" Key="CCC-FED237D11FEB5143BF73474A703CE1E9">
               <Prop Name="UID_QBMTaggedChange">
                  <Value>CCC-FED237D11FEB5143BF73474A703CE1E9</Value>
               </Prop>
            </Table>
         </Key>
         <Columns>
            <Column Name="ChangeContent" Display="&lt;Diff&gt;&lt;Data State=&quot;Loaded, PermissionBased&quot; /&gt;&lt;Op Columnname=&quot;Enabled&quot; Type=&quot;Value&quot; ValType=&quot;Bool&quot; AlreadyApplied=&quot;True&quot;&gt;&lt;OldValue&gt;False&lt;/OldValue&gt;&lt;Value&gt;True&lt;/Value&gt;&lt;/Op&gt;&lt;/Diff&gt;">
               <Value>&lt;Diff&gt;&lt;Data State="Loaded, PermissionBased" /&gt;&lt;Op Columnname="Enabled" Type="Value" ValType="Bool" AlreadyApplied="True"&gt;&lt;OldValue&gt;False&lt;/OldValue&gt;&lt;Value&gt;True&lt;/Value&gt;&lt;/Op&gt;&lt;/Diff&gt;</Value>
            </Column>
            <Column Name="ObjectKey" Display="&lt;Key&gt;&lt;T&gt;DialogConfigParm&lt;/T&gt;&lt;P&gt;CCC-FD8B82354AD07A4683A45CD797CC9F64&lt;/P&gt;&lt;/Key&gt;">
               <Value>&lt;Key&gt;&lt;T&gt;DialogConfigParm&lt;/T&gt;&lt;P&gt;CCC-FD8B82354AD07A4683A45CD797CC9F64&lt;/P&gt;&lt;/Key&gt;</Value>
            </Column>
            <Column Name="SortOrder" Display="3209789365354505">
               <Value>3209789365354505</Value>
            </Column>
            <Column Name="UID_DialogTag" Display="CCC-E4F56F05FBB0EB4EB195FBB4BC737FA0">
               <Key>
                  <Table Name="DialogTag" Display="CEF_Config_Params" Key="CCC-E4F56F05FBB0EB4EB195FBB4BC737FA0">
                     <Prop Name="UID_DialogTag">
                        <Value>CCC-E4F56F05FBB0EB4EB195FBB4BC737FA0</Value>
                     </Prop>
                  </Table>
               </Key>
            </Column>
            <Column Name="UID_QBMTaggedChange" Display="CCC-FED237D11FEB5143BF73474A703CE1E9">
               <Value>CCC-FED237D11FEB5143BF73474A703CE1E9</Value>
            </Column>
            <Column Name="XObjectKey" Display="&lt;Key&gt;&lt;T&gt;QBMTaggedChange&lt;/T&gt;&lt;P&gt;CCC-FED237D11FEB5143BF73474A703CE1E9&lt;/P&gt;&lt;/Key&gt;">
               <Value>&lt;Key&gt;&lt;T&gt;QBMTaggedChange&lt;/T&gt;&lt;P&gt;CCC-FED237D11FEB5143BF73474A703CE1E9&lt;/P&gt;&lt;/Key&gt;</Value>
            </Column>
            <Column Name="XTouched">
               <Value />
            </Column>
         </Columns>
      </DbObject>
      <DbObject Display="CCC-E4F56F05FBB0EB4EB195FBB4BC737FA0 - &lt;Key&gt;&lt;T&gt;DialogConfigParm&lt;/T&gt;&lt;P&gt;CCC-FD8B82354AD07A4683A45CD797CC9F64&lt;/P&gt;&lt;/Key&gt;" Version="2">
         <Key>
            <Table Name="QBMTaggedChange" Display="CCC-E4F56F05FBB0EB4EB195FBB4BC737FA0 - &lt;Key&gt;&lt;T&gt;DialogConfigParm&lt;/T&gt;&lt;P&gt;CCC-FD8B82354AD07A4683A45CD797CC9F64&lt;/P&gt;&lt;/Key&gt;" Key="CCC-158B589C025A3648BAAA542DE2192F9B">
               <Prop Name="UID_QBMTaggedChange">
                  <Value>CCC-158B589C025A3648BAAA542DE2192F9B</Value>
               </Prop>
            </Table>
         </Key>
         <Columns>
            <Column Name="ChangeContent" Display="&lt;Diff&gt;&lt;Data State=&quot;PermissionBased&quot; /&gt;&lt;Op Columnname=&quot;ConfigParm&quot; Type=&quot;Value&quot; ValType=&quot;String&quot; AlreadyApplied=&quot;True&quot;&gt;&lt;OldValue /&gt;&lt;Value&gt;HostnameOrIP&lt;/Value&gt;&lt;/Op&gt;&lt;Op Columnname=&quot;UID_ConfigParm&quot; Type=&quot;Value&quot; ValType=&quot;String&quot; AlreadyApplied=&quot;True&quot;&gt;&lt;OldValue /&gt;&lt;Value&gt;CCC-FD8B82354AD07A4683A45CD797CC9F64&lt;/Value&gt;&lt;/Op&gt;&lt;Op Columnname=&quot;UID_ParentConfigparm&quot; Type=&quot;Value&quot; ValType=&quot;String&quot; AlreadyApplied=&quot;True&quot;&gt;&lt;OldValue /&gt;&lt;Value&gt;CCC-D5899B402E21C04986839A8881E337C6&lt;/Value&gt;&lt;/Op&gt;&lt;Op Columnname=&quot;Value&quot; Type=&quot;Value&quot; ValType=&quot;String&quot; AlreadyApplied=&quot;True&quot;&gt;&lt;OldValue /&gt;&lt;Value&gt;172.21.0.33&lt;/Value&gt;&lt;/Op&gt;&lt;/Diff&gt;">
               <Value>&lt;Diff&gt;&lt;Data State="PermissionBased" /&gt;&lt;Op Columnname="ConfigParm" Type="Value" ValType="String" AlreadyApplied="True"&gt;&lt;OldValue /&gt;&lt;Value&gt;HostnameOrIP&lt;/Value&gt;&lt;/Op&gt;&lt;Op Columnname="UID_ConfigParm" Type="Value" ValType="String" AlreadyApplied="True"&gt;&lt;OldValue /&gt;&lt;Value&gt;CCC-FD8B82354AD07A4683A45CD797CC9F64&lt;/Value&gt;&lt;/Op&gt;&lt;Op Columnname="UID_ParentConfigparm" Type="Value" ValType="String" AlreadyApplied="True"&gt;&lt;OldValue /&gt;&lt;Value&gt;CCC-D5899B402E21C04986839A8881E337C6&lt;/Value&gt;&lt;/Op&gt;&lt;Op Columnname="Value" Type="Value" ValType="String" AlreadyApplied="True"&gt;&lt;OldValue /&gt;&lt;Value&gt;172.21.0.33&lt;/Value&gt;&lt;/Op&gt;&lt;/Diff&gt;</Value>
            </Column>
            <Column Name="ObjectKey" Display="&lt;Key&gt;&lt;T&gt;DialogConfigParm&lt;/T&gt;&lt;P&gt;CCC-FD8B82354AD07A4683A45CD797CC9F64&lt;/P&gt;&lt;/Key&gt;">
               <Value>&lt;Key&gt;&lt;T&gt;DialogConfigParm&lt;/T&gt;&lt;P&gt;CCC-FD8B82354AD07A4683A45CD797CC9F64&lt;/P&gt;&lt;/Key&gt;</Value>
            </Column>
            <Column Name="SortOrder" Display="3209789363322883">
               <Value>3209789363322883</Value>
            </Column>
            <Column Name="UID_DialogTag" Display="CCC-E4F56F05FBB0EB4EB195FBB4BC737FA0">
               <Key>
                  <Table Name="DialogTag" Display="CEF_Config_Params" Key="CCC-E4F56F05FBB0EB4EB195FBB4BC737FA0">
                     <Prop Name="UID_DialogTag">
                        <Value>CCC-E4F56F05FBB0EB4EB195FBB4BC737FA0</Value>
                     </Prop>
                  </Table>
               </Key>
            </Column>
            <Column Name="UID_QBMTaggedChange" Display="CCC-158B589C025A3648BAAA542DE2192F9B">
               <Value>CCC-158B589C025A3648BAAA542DE2192F9B</Value>
            </Column>
            <Column Name="XObjectKey" Display="&lt;Key&gt;&lt;T&gt;QBMTaggedChange&lt;/T&gt;&lt;P&gt;CCC-158B589C025A3648BAAA542DE2192F9B&lt;/P&gt;&lt;/Key&gt;">
               <Value>&lt;Key&gt;&lt;T&gt;QBMTaggedChange&lt;/T&gt;&lt;P&gt;CCC-158B589C025A3648BAAA542DE2192F9B&lt;/P&gt;&lt;/Key&gt;</Value>
            </Column>
            <Column Name="XTouched">
               <Value />
            </Column>
         </Columns>
      </DbObject>
      <DbObject Display="CCC-E4F56F05FBB0EB4EB195FBB4BC737FA0 - &lt;Key&gt;&lt;T&gt;DialogConfigParmOption&lt;/T&gt;&lt;P&gt;CCC-7CC1A05631D33748B570C4903656BB63&lt;/P&gt;&lt;/Key&gt;" Version="2">
         <Key>
            <Table Name="QBMTaggedChange" Display="CCC-E4F56F05FBB0EB4EB195FBB4BC737FA0 - &lt;Key&gt;&lt;T&gt;DialogConfigParmOption&lt;/T&gt;&lt;P&gt;CCC-7CC1A05631D33748B570C4903656BB63&lt;/P&gt;&lt;/Key&gt;" Key="CCC-27F04E619F1D5A48A593F68B6BBC943E">
               <Prop Name="UID_QBMTaggedChange">
                  <Value>CCC-27F04E619F1D5A48A593F68B6BBC943E</Value>
               </Prop>
            </Table>
         </Key>
         <Columns>
            <Column Name="ChangeContent" Display="&lt;Diff&gt;&lt;Data State=&quot;PermissionBased&quot; /&gt;&lt;Op Columnname=&quot;OptionValue&quot; Type=&quot;Value&quot; ValType=&quot;String&quot; AlreadyApplied=&quot;True&quot;&gt;&lt;OldValue /&gt;&lt;Value&gt;TCP&lt;/Value&gt;&lt;/Op&gt;&lt;Op Columnname=&quot;UID_ConfigParm&quot; Type=&quot;Value&quot; ValType=&quot;String&quot; AlreadyApplied=&quot;True&quot;&gt;&lt;OldValue /&gt;&lt;Value&gt;CCC-D40640D0B346334CB9FE47DC0A3E3FEF&lt;/Value&gt;&lt;/Op&gt;&lt;Op Columnname=&quot;UID_DialogConfigParmOption&quot; Type=&quot;Value&quot; ValType=&quot;String&quot; AlreadyApplied=&quot;True&quot;&gt;&lt;OldValue /&gt;&lt;Value&gt;CCC-7CC1A05631D33748B570C4903656BB63&lt;/Value&gt;&lt;/Op&gt;&lt;/Diff&gt;">
               <Value>&lt;Diff&gt;&lt;Data State="PermissionBased" /&gt;&lt;Op Columnname="OptionValue" Type="Value" ValType="String" AlreadyApplied="True"&gt;&lt;OldValue /&gt;&lt;Value&gt;TCP&lt;/Value&gt;&lt;/Op&gt;&lt;Op Columnname="UID_ConfigParm" Type="Value" ValType="String" AlreadyApplied="True"&gt;&lt;OldValue /&gt;&lt;Value&gt;CCC-D40640D0B346334CB9FE47DC0A3E3FEF&lt;/Value&gt;&lt;/Op&gt;&lt;Op Columnname="UID_DialogConfigParmOption" Type="Value" ValType="String" AlreadyApplied="True"&gt;&lt;OldValue /&gt;&lt;Value&gt;CCC-7CC1A05631D33748B570C4903656BB63&lt;/Value&gt;&lt;/Op&gt;&lt;/Diff&gt;</Value>
            </Column>
            <Column Name="ObjectKey" Display="&lt;Key&gt;&lt;T&gt;DialogConfigParmOption&lt;/T&gt;&lt;P&gt;CCC-7CC1A05631D33748B570C4903656BB63&lt;/P&gt;&lt;/Key&gt;">
               <Value>&lt;Key&gt;&lt;T&gt;DialogConfigParmOption&lt;/T&gt;&lt;P&gt;CCC-7CC1A05631D33748B570C4903656BB63&lt;/P&gt;&lt;/Key&gt;</Value>
            </Column>
            <Column Name="SortOrder" Display="3209789363781638">
               <Value>3209789363781638</Value>
            </Column>
            <Column Name="UID_DialogTag" Display="CCC-E4F56F05FBB0EB4EB195FBB4BC737FA0">
               <Key>
                  <Table Name="DialogTag" Display="CEF_Config_Params" Key="CCC-E4F56F05FBB0EB4EB195FBB4BC737FA0">
                     <Prop Name="UID_DialogTag">
                        <Value>CCC-E4F56F05FBB0EB4EB195FBB4BC737FA0</Value>
                     </Prop>
                  </Table>
               </Key>
            </Column>
            <Column Name="UID_QBMTaggedChange" Display="CCC-27F04E619F1D5A48A593F68B6BBC943E">
               <Value>CCC-27F04E619F1D5A48A593F68B6BBC943E</Value>
            </Column>
            <Column Name="XObjectKey" Display="&lt;Key&gt;&lt;T&gt;QBMTaggedChange&lt;/T&gt;&lt;P&gt;CCC-27F04E619F1D5A48A593F68B6BBC943E&lt;/P&gt;&lt;/Key&gt;">
               <Value>&lt;Key&gt;&lt;T&gt;QBMTaggedChange&lt;/T&gt;&lt;P&gt;CCC-27F04E619F1D5A48A593F68B6BBC943E&lt;/P&gt;&lt;/Key&gt;</Value>
            </Column>
            <Column Name="XTouched">
               <Value />
            </Column>
         </Columns>
      </DbObject>
      <DbObject Display="CCC-E4F56F05FBB0EB4EB195FBB4BC737FA0 - &lt;Key&gt;&lt;T&gt;DialogConfigParmOption&lt;/T&gt;&lt;P&gt;CCC-9BB23B49CBBF7D4184D2AE2805B9D178&lt;/P&gt;&lt;/Key&gt;" Version="2">
         <Key>
            <Table Name="QBMTaggedChange" Display="CCC-E4F56F05FBB0EB4EB195FBB4BC737FA0 - &lt;Key&gt;&lt;T&gt;DialogConfigParmOption&lt;/T&gt;&lt;P&gt;CCC-9BB23B49CBBF7D4184D2AE2805B9D178&lt;/P&gt;&lt;/Key&gt;" Key="CCC-1E147386F0BDE64F8C0F75BDE1199F60">
               <Prop Name="UID_QBMTaggedChange">
                  <Value>CCC-1E147386F0BDE64F8C0F75BDE1199F60</Value>
               </Prop>
            </Table>
         </Key>
         <Columns>
            <Column Name="ChangeContent" Display="&lt;Diff&gt;&lt;Data State=&quot;PermissionBased&quot; /&gt;&lt;Op Columnname=&quot;OptionValue&quot; Type=&quot;Value&quot; ValType=&quot;String&quot; AlreadyApplied=&quot;True&quot;&gt;&lt;OldValue /&gt;&lt;Value&gt;UDP&lt;/Value&gt;&lt;/Op&gt;&lt;Op Columnname=&quot;UID_ConfigParm&quot; Type=&quot;Value&quot; ValType=&quot;String&quot; AlreadyApplied=&quot;True&quot;&gt;&lt;OldValue /&gt;&lt;Value&gt;CCC-D40640D0B346334CB9FE47DC0A3E3FEF&lt;/Value&gt;&lt;/Op&gt;&lt;Op Columnname=&quot;UID_DialogConfigParmOption&quot; Type=&quot;Value&quot; ValType=&quot;String&quot; AlreadyApplied=&quot;True&quot;&gt;&lt;OldValue /&gt;&lt;Value&gt;CCC-9BB23B49CBBF7D4184D2AE2805B9D178&lt;/Value&gt;&lt;/Op&gt;&lt;/Diff&gt;">
               <Value>&lt;Diff&gt;&lt;Data State="PermissionBased" /&gt;&lt;Op Columnname="OptionValue" Type="Value" ValType="String" AlreadyApplied="True"&gt;&lt;OldValue /&gt;&lt;Value&gt;UDP&lt;/Value&gt;&lt;/Op&gt;&lt;Op Columnname="UID_ConfigParm" Type="Value" ValType="String" AlreadyApplied="True"&gt;&lt;OldValue /&gt;&lt;Value&gt;CCC-D40640D0B346334CB9FE47DC0A3E3FEF&lt;/Value&gt;&lt;/Op&gt;&lt;Op Columnname="UID_DialogConfigParmOption" Type="Value" ValType="String" AlreadyApplied="True"&gt;&lt;OldValue /&gt;&lt;Value&gt;CCC-9BB23B49CBBF7D4184D2AE2805B9D178&lt;/Value&gt;&lt;/Op&gt;&lt;/Diff&gt;</Value>
            </Column>
            <Column Name="ObjectKey" Display="&lt;Key&gt;&lt;T&gt;DialogConfigParmOption&lt;/T&gt;&lt;P&gt;CCC-9BB23B49CBBF7D4184D2AE2805B9D178&lt;/P&gt;&lt;/Key&gt;">
               <Value>&lt;Key&gt;&lt;T&gt;DialogConfigParmOption&lt;/T&gt;&lt;P&gt;CCC-9BB23B49CBBF7D4184D2AE2805B9D178&lt;/P&gt;&lt;/Key&gt;</Value>
            </Column>
            <Column Name="SortOrder" Display="3209789363781639">
               <Value>3209789363781639</Value>
            </Column>
            <Column Name="UID_DialogTag" Display="CCC-E4F56F05FBB0EB4EB195FBB4BC737FA0">
               <Key>
                  <Table Name="DialogTag" Display="CEF_Config_Params" Key="CCC-E4F56F05FBB0EB4EB195FBB4BC737FA0">
                     <Prop Name="UID_DialogTag">
                        <Value>CCC-E4F56F05FBB0EB4EB195FBB4BC737FA0</Value>
                     </Prop>
                  </Table>
               </Key>
            </Column>
            <Column Name="UID_QBMTaggedChange" Display="CCC-1E147386F0BDE64F8C0F75BDE1199F60">
               <Value>CCC-1E147386F0BDE64F8C0F75BDE1199F60</Value>
            </Column>
            <Column Name="XObjectKey" Display="&lt;Key&gt;&lt;T&gt;QBMTaggedChange&lt;/T&gt;&lt;P&gt;CCC-1E147386F0BDE64F8C0F75BDE1199F60&lt;/P&gt;&lt;/Key&gt;">
               <Value>&lt;Key&gt;&lt;T&gt;QBMTaggedChange&lt;/T&gt;&lt;P&gt;CCC-1E147386F0BDE64F8C0F75BDE1199F60&lt;/P&gt;&lt;/Key&gt;</Value>
            </Column>
            <Column Name="XTouched">
               <Value />
            </Column>
         </Columns>
      </DbObject>
   </DbObjects>
</Container>