﻿<!DOCTYPE ObjectContainer>
<Container>
   <BaseObject><Key>
  <Table Name="DialogTag" Display="CEF_Process_Orchestration" Key="CCC-CA94A7DB55F8A840B5FCF8CFE3C86DF5">
    <Prop Name="UID_DialogTag">
      <Value>CCC-CA94A7DB55F8A840B5FCF8CFE3C86DF5</Value>
    </Prop>
  </Table>
</Key></BaseObject>
   <DeleteResiduals>true</DeleteResiduals>
   <Relations>
      <Relation Table="DialogTaggedItem" Column="UID_DialogTag" Direction="Both" />
      <Relation Table="QBMTaggedChange" Column="UID_DialogTag" Direction="Both" />
   </Relations>
   <DbObjects>
      <DbObject Display="CEF_Process_Orchestration" Version="2">
         <Key>
            <Table Name="DialogTag" Display="CEF_Process_Orchestration" Key="CCC-CA94A7DB55F8A840B5FCF8CFE3C86DF5">
               <Prop Name="UID_DialogTag">
                  <Value>CCC-CA94A7DB55F8A840B5FCF8CFE3C86DF5</Value>
               </Prop>
            </Table>
         </Key>
         <Columns>
            <Column Name="Commentary">
               <Value />
            </Column>
            <Column Name="CurrentState">
               <Value />
            </Column>
            <Column Name="CurrentStateRemarks">
               <Value />
            </Column>
            <Column Name="Description">
               <Value />
            </Column>
            <Column Name="Ident_DialogTag" Display="CEF_Process_Orchestration">
               <Value>CEF_Process_Orchestration</Value>
            </Column>
            <Column Name="IsClosed" Display="False">
               <Value>False</Value>
            </Column>
            <Column Name="SortOrder">
               <Value />
            </Column>
            <Column Name="TagType" Display="Change">
               <Value>CHANGE</Value>
            </Column>
            <Column Name="UID_DialogTag" Display="CCC-CA94A7DB55F8A840B5FCF8CFE3C86DF5">
               <Value>CCC-CA94A7DB55F8A840B5FCF8CFE3C86DF5</Value>
            </Column>
            <Column Name="UID_DialogTagParent">
               <Value />
            </Column>
            <Column Name="XObjectKey" Display="&lt;Key&gt;&lt;T&gt;DialogTag&lt;/T&gt;&lt;P&gt;CCC-CA94A7DB55F8A840B5FCF8CFE3C86DF5&lt;/P&gt;&lt;/Key&gt;">
               <Value>&lt;Key&gt;&lt;T&gt;DialogTag&lt;/T&gt;&lt;P&gt;CCC-CA94A7DB55F8A840B5FCF8CFE3C86DF5&lt;/P&gt;&lt;/Key&gt;</Value>
            </Column>
            <Column Name="XTouched">
               <Value />
            </Column>
         </Columns>
      </DbObject>
      <DbObject Display="CCC-CA94A7DB55F8A840B5FCF8CFE3C86DF5 - &lt;Key&gt;&lt;T&gt;Job&lt;/T&gt;&lt;P&gt;CCC-8C6E3C24EF15E3418FDACA67782DBC5B&lt;/P&gt;&lt;/Key&gt;" Version="2">
         <Key>
            <Table Name="QBMTaggedChange" Display="CCC-CA94A7DB55F8A840B5FCF8CFE3C86DF5 - &lt;Key&gt;&lt;T&gt;Job&lt;/T&gt;&lt;P&gt;CCC-8C6E3C24EF15E3418FDACA67782DBC5B&lt;/P&gt;&lt;/Key&gt;" Key="CCC-86FB95A99E56474AAB83C4349CC6B399">
               <Prop Name="UID_QBMTaggedChange">
                  <Value>CCC-86FB95A99E56474AAB83C4349CC6B399</Value>
               </Prop>
            </Table>
         </Key>
         <Columns>
            <Column Name="ChangeContent" Display="&lt;Diff&gt;&lt;Data State=&quot;Loaded, PermissionBased&quot; /&gt;&lt;Op Columnname=&quot;IsToFreezeOnError&quot; Type=&quot;Value&quot; ValType=&quot;Bool&quot; AlreadyApplied=&quot;True&quot;&gt;&lt;OldValue&gt;False&lt;/OldValue&gt;&lt;Value&gt;True&lt;/Value&gt;&lt;/Op&gt;&lt;Op Columnname=&quot;Name&quot; Type=&quot;Value&quot; ValType=&quot;String&quot; AlreadyApplied=&quot;True&quot;&gt;&lt;OldValue&gt;New process step&lt;/OldValue&gt;&lt;Value&gt;Process the CEF messages ready to be sent&lt;/Value&gt;&lt;/Op&gt;&lt;Op Columnname=&quot;UID_JobTask&quot; Type=&quot;Value&quot; ValType=&quot;String&quot; AlreadyApplied=&quot;True&quot;&gt;&lt;OldValue /&gt;&lt;Value&gt;QBM-C5350C2B66F547FA801B323B165965CE&lt;/Value&gt;&lt;/Op&gt;&lt;Op Columnname=&quot;UID_QBMServerTag&quot; Type=&quot;Value&quot; ValType=&quot;String&quot; AlreadyApplied=&quot;True&quot;&gt;&lt;OldValue /&gt;&lt;Value&gt;QBM-ST-Is14&lt;/Value&gt;&lt;/Op&gt;&lt;/Diff&gt;">
               <Value>&lt;Diff&gt;&lt;Data State="Loaded, PermissionBased" /&gt;&lt;Op Columnname="IsToFreezeOnError" Type="Value" ValType="Bool" AlreadyApplied="True"&gt;&lt;OldValue&gt;False&lt;/OldValue&gt;&lt;Value&gt;True&lt;/Value&gt;&lt;/Op&gt;&lt;Op Columnname="Name" Type="Value" ValType="String" AlreadyApplied="True"&gt;&lt;OldValue&gt;New process step&lt;/OldValue&gt;&lt;Value&gt;Process the CEF messages ready to be sent&lt;/Value&gt;&lt;/Op&gt;&lt;Op Columnname="UID_JobTask" Type="Value" ValType="String" AlreadyApplied="True"&gt;&lt;OldValue /&gt;&lt;Value&gt;QBM-C5350C2B66F547FA801B323B165965CE&lt;/Value&gt;&lt;/Op&gt;&lt;Op Columnname="UID_QBMServerTag" Type="Value" ValType="String" AlreadyApplied="True"&gt;&lt;OldValue /&gt;&lt;Value&gt;QBM-ST-Is14&lt;/Value&gt;&lt;/Op&gt;&lt;/Diff&gt;</Value>
            </Column>
            <Column Name="ObjectKey" Display="&lt;Key&gt;&lt;T&gt;Job&lt;/T&gt;&lt;P&gt;CCC-8C6E3C24EF15E3418FDACA67782DBC5B&lt;/P&gt;&lt;/Key&gt;">
               <Value>&lt;Key&gt;&lt;T&gt;Job&lt;/T&gt;&lt;P&gt;CCC-8C6E3C24EF15E3418FDACA67782DBC5B&lt;/P&gt;&lt;/Key&gt;</Value>
            </Column>
            <Column Name="SortOrder" Display="3209812618838021">
               <Value>3209812618838021</Value>
            </Column>
            <Column Name="UID_DialogTag" Display="CCC-CA94A7DB55F8A840B5FCF8CFE3C86DF5">
               <Key>
                  <Table Name="DialogTag" Display="CEF_Process_Orchestration" Key="CCC-CA94A7DB55F8A840B5FCF8CFE3C86DF5">
                     <Prop Name="UID_DialogTag">
                        <Value>CCC-CA94A7DB55F8A840B5FCF8CFE3C86DF5</Value>
                     </Prop>
                  </Table>
               </Key>
            </Column>
            <Column Name="UID_QBMTaggedChange" Display="CCC-86FB95A99E56474AAB83C4349CC6B399">
               <Value>CCC-86FB95A99E56474AAB83C4349CC6B399</Value>
            </Column>
            <Column Name="XObjectKey" Display="&lt;Key&gt;&lt;T&gt;QBMTaggedChange&lt;/T&gt;&lt;P&gt;CCC-86FB95A99E56474AAB83C4349CC6B399&lt;/P&gt;&lt;/Key&gt;">
               <Value>&lt;Key&gt;&lt;T&gt;QBMTaggedChange&lt;/T&gt;&lt;P&gt;CCC-86FB95A99E56474AAB83C4349CC6B399&lt;/P&gt;&lt;/Key&gt;</Value>
            </Column>
            <Column Name="XTouched">
               <Value />
            </Column>
         </Columns>
      </DbObject>
      <DbObject Display="CCC-CA94A7DB55F8A840B5FCF8CFE3C86DF5 - &lt;Key&gt;&lt;T&gt;Job&lt;/T&gt;&lt;P&gt;CCC-8C6E3C24EF15E3418FDACA67782DBC5B&lt;/P&gt;&lt;/Key&gt;" Version="2">
         <Key>
            <Table Name="QBMTaggedChange" Display="CCC-CA94A7DB55F8A840B5FCF8CFE3C86DF5 - &lt;Key&gt;&lt;T&gt;Job&lt;/T&gt;&lt;P&gt;CCC-8C6E3C24EF15E3418FDACA67782DBC5B&lt;/P&gt;&lt;/Key&gt;" Key="CCC-9FDCADB1D54D3F4EB0B399032444D334">
               <Prop Name="UID_QBMTaggedChange">
                  <Value>CCC-9FDCADB1D54D3F4EB0B399032444D334</Value>
               </Prop>
            </Table>
         </Key>
         <Columns>
            <Column Name="ChangeContent" Display="&lt;Diff&gt;&lt;Data State=&quot;PermissionBased&quot; /&gt;&lt;Op Columnname=&quot;Name&quot; Type=&quot;Value&quot; ValType=&quot;String&quot; AlreadyApplied=&quot;True&quot;&gt;&lt;OldValue /&gt;&lt;Value&gt;New process step&lt;/Value&gt;&lt;/Op&gt;&lt;Op Columnname=&quot;UID_Job&quot; Type=&quot;Value&quot; ValType=&quot;String&quot; AlreadyApplied=&quot;True&quot;&gt;&lt;OldValue /&gt;&lt;Value&gt;CCC-8C6E3C24EF15E3418FDACA67782DBC5B&lt;/Value&gt;&lt;/Op&gt;&lt;Op Columnname=&quot;UID_JobChain&quot; Type=&quot;Value&quot; ValType=&quot;String&quot; AlreadyApplied=&quot;True&quot;&gt;&lt;OldValue /&gt;&lt;Value&gt;CCC-5BFB5E0210C8EE44AA41CBD19F7E85E1&lt;/Value&gt;&lt;/Op&gt;&lt;/Diff&gt;">
               <Value>&lt;Diff&gt;&lt;Data State="PermissionBased" /&gt;&lt;Op Columnname="Name" Type="Value" ValType="String" AlreadyApplied="True"&gt;&lt;OldValue /&gt;&lt;Value&gt;New process step&lt;/Value&gt;&lt;/Op&gt;&lt;Op Columnname="UID_Job" Type="Value" ValType="String" AlreadyApplied="True"&gt;&lt;OldValue /&gt;&lt;Value&gt;CCC-8C6E3C24EF15E3418FDACA67782DBC5B&lt;/Value&gt;&lt;/Op&gt;&lt;Op Columnname="UID_JobChain" Type="Value" ValType="String" AlreadyApplied="True"&gt;&lt;OldValue /&gt;&lt;Value&gt;CCC-5BFB5E0210C8EE44AA41CBD19F7E85E1&lt;/Value&gt;&lt;/Op&gt;&lt;/Diff&gt;</Value>
            </Column>
            <Column Name="ObjectKey" Display="&lt;Key&gt;&lt;T&gt;Job&lt;/T&gt;&lt;P&gt;CCC-8C6E3C24EF15E3418FDACA67782DBC5B&lt;/P&gt;&lt;/Key&gt;">
               <Value>&lt;Key&gt;&lt;T&gt;Job&lt;/T&gt;&lt;P&gt;CCC-8C6E3C24EF15E3418FDACA67782DBC5B&lt;/P&gt;&lt;/Key&gt;</Value>
            </Column>
            <Column Name="SortOrder" Display="3209812617003011">
               <Value>3209812617003011</Value>
            </Column>
            <Column Name="UID_DialogTag" Display="CCC-CA94A7DB55F8A840B5FCF8CFE3C86DF5">
               <Key>
                  <Table Name="DialogTag" Display="CEF_Process_Orchestration" Key="CCC-CA94A7DB55F8A840B5FCF8CFE3C86DF5">
                     <Prop Name="UID_DialogTag">
                        <Value>CCC-CA94A7DB55F8A840B5FCF8CFE3C86DF5</Value>
                     </Prop>
                  </Table>
               </Key>
            </Column>
            <Column Name="UID_QBMTaggedChange" Display="CCC-9FDCADB1D54D3F4EB0B399032444D334">
               <Value>CCC-9FDCADB1D54D3F4EB0B399032444D334</Value>
            </Column>
            <Column Name="XObjectKey" Display="&lt;Key&gt;&lt;T&gt;QBMTaggedChange&lt;/T&gt;&lt;P&gt;CCC-9FDCADB1D54D3F4EB0B399032444D334&lt;/P&gt;&lt;/Key&gt;">
               <Value>&lt;Key&gt;&lt;T&gt;QBMTaggedChange&lt;/T&gt;&lt;P&gt;CCC-9FDCADB1D54D3F4EB0B399032444D334&lt;/P&gt;&lt;/Key&gt;</Value>
            </Column>
            <Column Name="XTouched">
               <Value />
            </Column>
         </Columns>
      </DbObject>
      <DbObject Display="CCC-CA94A7DB55F8A840B5FCF8CFE3C86DF5 - &lt;Key&gt;&lt;T&gt;Job&lt;/T&gt;&lt;P&gt;CCC-C77D2575BD44E042B59D089E2B10CD87&lt;/P&gt;&lt;/Key&gt;" Version="2">
         <Key>
            <Table Name="QBMTaggedChange" Display="CCC-CA94A7DB55F8A840B5FCF8CFE3C86DF5 - &lt;Key&gt;&lt;T&gt;Job&lt;/T&gt;&lt;P&gt;CCC-C77D2575BD44E042B59D089E2B10CD87&lt;/P&gt;&lt;/Key&gt;" Key="CCC-71C6A2A6A1B6BA4A9124020FD60D6740">
               <Prop Name="UID_QBMTaggedChange">
                  <Value>CCC-71C6A2A6A1B6BA4A9124020FD60D6740</Value>
               </Prop>
            </Table>
         </Key>
         <Columns>
            <Column Name="ChangeContent" Display="&lt;Diff&gt;&lt;Data State=&quot;Loaded, PermissionBased&quot; /&gt;&lt;Op Columnname=&quot;Name&quot; Type=&quot;Value&quot; ValType=&quot;String&quot; AlreadyApplied=&quot;True&quot;&gt;&lt;OldValue&gt;New process step&lt;/OldValue&gt;&lt;Value&gt;Remove sent records&lt;/Value&gt;&lt;/Op&gt;&lt;Op Columnname=&quot;UID_JobTask&quot; Type=&quot;Value&quot; ValType=&quot;String&quot; AlreadyApplied=&quot;True&quot;&gt;&lt;OldValue /&gt;&lt;Value&gt;QBM-62F5850AA92A4FA38EAC30F4DE75BC71&lt;/Value&gt;&lt;/Op&gt;&lt;/Diff&gt;">
               <Value>&lt;Diff&gt;&lt;Data State="Loaded, PermissionBased" /&gt;&lt;Op Columnname="Name" Type="Value" ValType="String" AlreadyApplied="True"&gt;&lt;OldValue&gt;New process step&lt;/OldValue&gt;&lt;Value&gt;Remove sent records&lt;/Value&gt;&lt;/Op&gt;&lt;Op Columnname="UID_JobTask" Type="Value" ValType="String" AlreadyApplied="True"&gt;&lt;OldValue /&gt;&lt;Value&gt;QBM-62F5850AA92A4FA38EAC30F4DE75BC71&lt;/Value&gt;&lt;/Op&gt;&lt;/Diff&gt;</Value>
            </Column>
            <Column Name="ObjectKey" Display="&lt;Key&gt;&lt;T&gt;Job&lt;/T&gt;&lt;P&gt;CCC-C77D2575BD44E042B59D089E2B10CD87&lt;/P&gt;&lt;/Key&gt;">
               <Value>&lt;Key&gt;&lt;T&gt;Job&lt;/T&gt;&lt;P&gt;CCC-C77D2575BD44E042B59D089E2B10CD87&lt;/P&gt;&lt;/Key&gt;</Value>
            </Column>
            <Column Name="SortOrder" Display="3209943072505859">
               <Value>3209943072505859</Value>
            </Column>
            <Column Name="UID_DialogTag" Display="CCC-CA94A7DB55F8A840B5FCF8CFE3C86DF5">
               <Key>
                  <Table Name="DialogTag" Display="CEF_Process_Orchestration" Key="CCC-CA94A7DB55F8A840B5FCF8CFE3C86DF5">
                     <Prop Name="UID_DialogTag">
                        <Value>CCC-CA94A7DB55F8A840B5FCF8CFE3C86DF5</Value>
                     </Prop>
                  </Table>
               </Key>
            </Column>
            <Column Name="UID_QBMTaggedChange" Display="CCC-71C6A2A6A1B6BA4A9124020FD60D6740">
               <Value>CCC-71C6A2A6A1B6BA4A9124020FD60D6740</Value>
            </Column>
            <Column Name="XObjectKey" Display="&lt;Key&gt;&lt;T&gt;QBMTaggedChange&lt;/T&gt;&lt;P&gt;CCC-71C6A2A6A1B6BA4A9124020FD60D6740&lt;/P&gt;&lt;/Key&gt;">
               <Value>&lt;Key&gt;&lt;T&gt;QBMTaggedChange&lt;/T&gt;&lt;P&gt;CCC-71C6A2A6A1B6BA4A9124020FD60D6740&lt;/P&gt;&lt;/Key&gt;</Value>
            </Column>
            <Column Name="XTouched">
               <Value />
            </Column>
         </Columns>
      </DbObject>
      <DbObject Display="CCC-CA94A7DB55F8A840B5FCF8CFE3C86DF5 - &lt;Key&gt;&lt;T&gt;Job&lt;/T&gt;&lt;P&gt;CCC-C77D2575BD44E042B59D089E2B10CD87&lt;/P&gt;&lt;/Key&gt;" Version="2">
         <Key>
            <Table Name="QBMTaggedChange" Display="CCC-CA94A7DB55F8A840B5FCF8CFE3C86DF5 - &lt;Key&gt;&lt;T&gt;Job&lt;/T&gt;&lt;P&gt;CCC-C77D2575BD44E042B59D089E2B10CD87&lt;/P&gt;&lt;/Key&gt;" Key="CCC-CACD99C683D23A44B772F610A5BBBA0B">
               <Prop Name="UID_QBMTaggedChange">
                  <Value>CCC-CACD99C683D23A44B772F610A5BBBA0B</Value>
               </Prop>
            </Table>
         </Key>
         <Columns>
            <Column Name="ChangeContent" Display="&lt;Diff&gt;&lt;Data State=&quot;Loaded, PermissionBased&quot; /&gt;&lt;Op Columnname=&quot;UID_QBMServerTag&quot; Type=&quot;Value&quot; ValType=&quot;String&quot; AlreadyApplied=&quot;True&quot;&gt;&lt;OldValue /&gt;&lt;Value&gt;QBM-ST-Is14&lt;/Value&gt;&lt;/Op&gt;&lt;/Diff&gt;">
               <Value>&lt;Diff&gt;&lt;Data State="Loaded, PermissionBased" /&gt;&lt;Op Columnname="UID_QBMServerTag" Type="Value" ValType="String" AlreadyApplied="True"&gt;&lt;OldValue /&gt;&lt;Value&gt;QBM-ST-Is14&lt;/Value&gt;&lt;/Op&gt;&lt;/Diff&gt;</Value>
            </Column>
            <Column Name="ObjectKey" Display="&lt;Key&gt;&lt;T&gt;Job&lt;/T&gt;&lt;P&gt;CCC-C77D2575BD44E042B59D089E2B10CD87&lt;/P&gt;&lt;/Key&gt;">
               <Value>&lt;Key&gt;&lt;T&gt;Job&lt;/T&gt;&lt;P&gt;CCC-C77D2575BD44E042B59D089E2B10CD87&lt;/P&gt;&lt;/Key&gt;</Value>
            </Column>
            <Column Name="SortOrder" Display="3209943079714825">
               <Value>3209943079714825</Value>
            </Column>
            <Column Name="UID_DialogTag" Display="CCC-CA94A7DB55F8A840B5FCF8CFE3C86DF5">
               <Key>
                  <Table Name="DialogTag" Display="CEF_Process_Orchestration" Key="CCC-CA94A7DB55F8A840B5FCF8CFE3C86DF5">
                     <Prop Name="UID_DialogTag">
                        <Value>CCC-CA94A7DB55F8A840B5FCF8CFE3C86DF5</Value>
                     </Prop>
                  </Table>
               </Key>
            </Column>
            <Column Name="UID_QBMTaggedChange" Display="CCC-CACD99C683D23A44B772F610A5BBBA0B">
               <Value>CCC-CACD99C683D23A44B772F610A5BBBA0B</Value>
            </Column>
            <Column Name="XObjectKey" Display="&lt;Key&gt;&lt;T&gt;QBMTaggedChange&lt;/T&gt;&lt;P&gt;CCC-CACD99C683D23A44B772F610A5BBBA0B&lt;/P&gt;&lt;/Key&gt;">
               <Value>&lt;Key&gt;&lt;T&gt;QBMTaggedChange&lt;/T&gt;&lt;P&gt;CCC-CACD99C683D23A44B772F610A5BBBA0B&lt;/P&gt;&lt;/Key&gt;</Value>
            </Column>
            <Column Name="XTouched">
               <Value />
            </Column>
         </Columns>
      </DbObject>
      <DbObject Display="CCC-CA94A7DB55F8A840B5FCF8CFE3C86DF5 - &lt;Key&gt;&lt;T&gt;Job&lt;/T&gt;&lt;P&gt;CCC-C77D2575BD44E042B59D089E2B10CD87&lt;/P&gt;&lt;/Key&gt;" Version="2">
         <Key>
            <Table Name="QBMTaggedChange" Display="CCC-CA94A7DB55F8A840B5FCF8CFE3C86DF5 - &lt;Key&gt;&lt;T&gt;Job&lt;/T&gt;&lt;P&gt;CCC-C77D2575BD44E042B59D089E2B10CD87&lt;/P&gt;&lt;/Key&gt;" Key="CCC-DB337DD7615AD7409352026BBC9AE6D1">
               <Prop Name="UID_QBMTaggedChange">
                  <Value>CCC-DB337DD7615AD7409352026BBC9AE6D1</Value>
               </Prop>
            </Table>
         </Key>
         <Columns>
            <Column Name="ChangeContent" Display="&lt;Diff&gt;&lt;Data State=&quot;PermissionBased&quot; /&gt;&lt;Op Columnname=&quot;Name&quot; Type=&quot;Value&quot; ValType=&quot;String&quot; AlreadyApplied=&quot;True&quot;&gt;&lt;OldValue /&gt;&lt;Value&gt;New process step&lt;/Value&gt;&lt;/Op&gt;&lt;Op Columnname=&quot;UID_Job&quot; Type=&quot;Value&quot; ValType=&quot;String&quot; AlreadyApplied=&quot;True&quot;&gt;&lt;OldValue /&gt;&lt;Value&gt;CCC-C77D2575BD44E042B59D089E2B10CD87&lt;/Value&gt;&lt;/Op&gt;&lt;Op Columnname=&quot;UID_JobChain&quot; Type=&quot;Value&quot; ValType=&quot;String&quot; AlreadyApplied=&quot;True&quot;&gt;&lt;OldValue /&gt;&lt;Value&gt;CCC-A5961339E9F91041A1E621377BD5B7D2&lt;/Value&gt;&lt;/Op&gt;&lt;/Diff&gt;">
               <Value>&lt;Diff&gt;&lt;Data State="PermissionBased" /&gt;&lt;Op Columnname="Name" Type="Value" ValType="String" AlreadyApplied="True"&gt;&lt;OldValue /&gt;&lt;Value&gt;New process step&lt;/Value&gt;&lt;/Op&gt;&lt;Op Columnname="UID_Job" Type="Value" ValType="String" AlreadyApplied="True"&gt;&lt;OldValue /&gt;&lt;Value&gt;CCC-C77D2575BD44E042B59D089E2B10CD87&lt;/Value&gt;&lt;/Op&gt;&lt;Op Columnname="UID_JobChain" Type="Value" ValType="String" AlreadyApplied="True"&gt;&lt;OldValue /&gt;&lt;Value&gt;CCC-A5961339E9F91041A1E621377BD5B7D2&lt;/Value&gt;&lt;/Op&gt;&lt;/Diff&gt;</Value>
            </Column>
            <Column Name="ObjectKey" Display="&lt;Key&gt;&lt;T&gt;Job&lt;/T&gt;&lt;P&gt;CCC-C77D2575BD44E042B59D089E2B10CD87&lt;/P&gt;&lt;/Key&gt;">
               <Value>&lt;Key&gt;&lt;T&gt;Job&lt;/T&gt;&lt;P&gt;CCC-C77D2575BD44E042B59D089E2B10CD87&lt;/P&gt;&lt;/Key&gt;</Value>
            </Column>
            <Column Name="SortOrder" Display="3209943070932993">
               <Value>3209943070932993</Value>
            </Column>
            <Column Name="UID_DialogTag" Display="CCC-CA94A7DB55F8A840B5FCF8CFE3C86DF5">
               <Key>
                  <Table Name="DialogTag" Display="CEF_Process_Orchestration" Key="CCC-CA94A7DB55F8A840B5FCF8CFE3C86DF5">
                     <Prop Name="UID_DialogTag">
                        <Value>CCC-CA94A7DB55F8A840B5FCF8CFE3C86DF5</Value>
                     </Prop>
                  </Table>
               </Key>
            </Column>
            <Column Name="UID_QBMTaggedChange" Display="CCC-DB337DD7615AD7409352026BBC9AE6D1">
               <Value>CCC-DB337DD7615AD7409352026BBC9AE6D1</Value>
            </Column>
            <Column Name="XObjectKey" Display="&lt;Key&gt;&lt;T&gt;QBMTaggedChange&lt;/T&gt;&lt;P&gt;CCC-DB337DD7615AD7409352026BBC9AE6D1&lt;/P&gt;&lt;/Key&gt;">
               <Value>&lt;Key&gt;&lt;T&gt;QBMTaggedChange&lt;/T&gt;&lt;P&gt;CCC-DB337DD7615AD7409352026BBC9AE6D1&lt;/P&gt;&lt;/Key&gt;</Value>
            </Column>
            <Column Name="XTouched">
               <Value />
            </Column>
         </Columns>
      </DbObject>
      <DbObject Display="CCC-CA94A7DB55F8A840B5FCF8CFE3C86DF5 - &lt;Key&gt;&lt;T&gt;JobChain&lt;/T&gt;&lt;P&gt;CCC-5BFB5E0210C8EE44AA41CBD19F7E85E1&lt;/P&gt;&lt;/Key&gt;" Version="2">
         <Key>
            <Table Name="QBMTaggedChange" Display="CCC-CA94A7DB55F8A840B5FCF8CFE3C86DF5 - &lt;Key&gt;&lt;T&gt;JobChain&lt;/T&gt;&lt;P&gt;CCC-5BFB5E0210C8EE44AA41CBD19F7E85E1&lt;/P&gt;&lt;/Key&gt;" Key="CCC-4B18508D3437B447848E97A79F1124BC">
               <Prop Name="UID_QBMTaggedChange">
                  <Value>CCC-4B18508D3437B447848E97A79F1124BC</Value>
               </Prop>
            </Table>
         </Key>
         <Columns>
            <Column Name="ChangeContent" Display="&lt;Diff&gt;&lt;Data State=&quot;Loaded, PermissionBased&quot; /&gt;&lt;Op Columnname=&quot;LayoutPositions&quot; Type=&quot;Value&quot; ValType=&quot;String&quot; AlreadyApplied=&quot;True&quot;&gt;&lt;OldValue /&gt;&lt;Value&gt;V1.1&amp;#x7;JobChain_CCC_ProcessCEFMessages&amp;#x8;20&amp;#x8;20&amp;#x8;R600&amp;#x7;Process the CEF messages ready to be sent&amp;#x8;20&amp;#x8;120&lt;/Value&gt;&lt;/Op&gt;&lt;/Diff&gt;">
               <Value>&lt;Diff&gt;&lt;Data State="Loaded, PermissionBased" /&gt;&lt;Op Columnname="LayoutPositions" Type="Value" ValType="String" AlreadyApplied="True"&gt;&lt;OldValue /&gt;&lt;Value&gt;V1.1&amp;#x7;JobChain_CCC_ProcessCEFMessages&amp;#x8;20&amp;#x8;20&amp;#x8;R600&amp;#x7;Process the CEF messages ready to be sent&amp;#x8;20&amp;#x8;120&lt;/Value&gt;&lt;/Op&gt;&lt;/Diff&gt;</Value>
            </Column>
            <Column Name="ObjectKey" Display="&lt;Key&gt;&lt;T&gt;JobChain&lt;/T&gt;&lt;P&gt;CCC-5BFB5E0210C8EE44AA41CBD19F7E85E1&lt;/P&gt;&lt;/Key&gt;">
               <Value>&lt;Key&gt;&lt;T&gt;JobChain&lt;/T&gt;&lt;P&gt;CCC-5BFB5E0210C8EE44AA41CBD19F7E85E1&lt;/P&gt;&lt;/Key&gt;</Value>
            </Column>
            <Column Name="SortOrder" Display="3209812626046986">
               <Value>3209812626046986</Value>
            </Column>
            <Column Name="UID_DialogTag" Display="CCC-CA94A7DB55F8A840B5FCF8CFE3C86DF5">
               <Key>
                  <Table Name="DialogTag" Display="CEF_Process_Orchestration" Key="CCC-CA94A7DB55F8A840B5FCF8CFE3C86DF5">
                     <Prop Name="UID_DialogTag">
                        <Value>CCC-CA94A7DB55F8A840B5FCF8CFE3C86DF5</Value>
                     </Prop>
                  </Table>
               </Key>
            </Column>
            <Column Name="UID_QBMTaggedChange" Display="CCC-4B18508D3437B447848E97A79F1124BC">
               <Value>CCC-4B18508D3437B447848E97A79F1124BC</Value>
            </Column>
            <Column Name="XObjectKey" Display="&lt;Key&gt;&lt;T&gt;QBMTaggedChange&lt;/T&gt;&lt;P&gt;CCC-4B18508D3437B447848E97A79F1124BC&lt;/P&gt;&lt;/Key&gt;">
               <Value>&lt;Key&gt;&lt;T&gt;QBMTaggedChange&lt;/T&gt;&lt;P&gt;CCC-4B18508D3437B447848E97A79F1124BC&lt;/P&gt;&lt;/Key&gt;</Value>
            </Column>
            <Column Name="XTouched">
               <Value />
            </Column>
         </Columns>
      </DbObject>
      <DbObject Display="CCC-CA94A7DB55F8A840B5FCF8CFE3C86DF5 - &lt;Key&gt;&lt;T&gt;JobChain&lt;/T&gt;&lt;P&gt;CCC-5BFB5E0210C8EE44AA41CBD19F7E85E1&lt;/P&gt;&lt;/Key&gt;" Version="2">
         <Key>
            <Table Name="QBMTaggedChange" Display="CCC-CA94A7DB55F8A840B5FCF8CFE3C86DF5 - &lt;Key&gt;&lt;T&gt;JobChain&lt;/T&gt;&lt;P&gt;CCC-5BFB5E0210C8EE44AA41CBD19F7E85E1&lt;/P&gt;&lt;/Key&gt;" Key="CCC-AA412709042652438580AEDF01A14014">
               <Prop Name="UID_QBMTaggedChange">
                  <Value>CCC-AA412709042652438580AEDF01A14014</Value>
               </Prop>
            </Table>
         </Key>
         <Columns>
            <Column Name="ChangeContent" Display="&lt;Diff&gt;&lt;Data State=&quot;PermissionBased&quot; /&gt;&lt;Op Columnname=&quot;Name&quot; Type=&quot;Value&quot; ValType=&quot;String&quot; AlreadyApplied=&quot;True&quot;&gt;&lt;OldValue /&gt;&lt;Value&gt;CCC_ProcessCEFMessages&lt;/Value&gt;&lt;/Op&gt;&lt;Op Columnname=&quot;UID_DialogTable&quot; Type=&quot;Value&quot; ValType=&quot;String&quot; AlreadyApplied=&quot;True&quot;&gt;&lt;OldValue /&gt;&lt;Value&gt;CCC-T-CCCCEFMessages&lt;/Value&gt;&lt;/Op&gt;&lt;Op Columnname=&quot;UID_JobChain&quot; Type=&quot;Value&quot; ValType=&quot;String&quot; AlreadyApplied=&quot;True&quot;&gt;&lt;OldValue /&gt;&lt;Value&gt;CCC-5BFB5E0210C8EE44AA41CBD19F7E85E1&lt;/Value&gt;&lt;/Op&gt;&lt;/Diff&gt;">
               <Value>&lt;Diff&gt;&lt;Data State="PermissionBased" /&gt;&lt;Op Columnname="Name" Type="Value" ValType="String" AlreadyApplied="True"&gt;&lt;OldValue /&gt;&lt;Value&gt;CCC_ProcessCEFMessages&lt;/Value&gt;&lt;/Op&gt;&lt;Op Columnname="UID_DialogTable" Type="Value" ValType="String" AlreadyApplied="True"&gt;&lt;OldValue /&gt;&lt;Value&gt;CCC-T-CCCCEFMessages&lt;/Value&gt;&lt;/Op&gt;&lt;Op Columnname="UID_JobChain" Type="Value" ValType="String" AlreadyApplied="True"&gt;&lt;OldValue /&gt;&lt;Value&gt;CCC-5BFB5E0210C8EE44AA41CBD19F7E85E1&lt;/Value&gt;&lt;/Op&gt;&lt;/Diff&gt;</Value>
            </Column>
            <Column Name="ObjectKey" Display="&lt;Key&gt;&lt;T&gt;JobChain&lt;/T&gt;&lt;P&gt;CCC-5BFB5E0210C8EE44AA41CBD19F7E85E1&lt;/P&gt;&lt;/Key&gt;">
               <Value>&lt;Key&gt;&lt;T&gt;JobChain&lt;/T&gt;&lt;P&gt;CCC-5BFB5E0210C8EE44AA41CBD19F7E85E1&lt;/P&gt;&lt;/Key&gt;</Value>
            </Column>
            <Column Name="SortOrder" Display="3209812617003008">
               <Value>3209812617003008</Value>
            </Column>
            <Column Name="UID_DialogTag" Display="CCC-CA94A7DB55F8A840B5FCF8CFE3C86DF5">
               <Key>
                  <Table Name="DialogTag" Display="CEF_Process_Orchestration" Key="CCC-CA94A7DB55F8A840B5FCF8CFE3C86DF5">
                     <Prop Name="UID_DialogTag">
                        <Value>CCC-CA94A7DB55F8A840B5FCF8CFE3C86DF5</Value>
                     </Prop>
                  </Table>
               </Key>
            </Column>
            <Column Name="UID_QBMTaggedChange" Display="CCC-AA412709042652438580AEDF01A14014">
               <Value>CCC-AA412709042652438580AEDF01A14014</Value>
            </Column>
            <Column Name="XObjectKey" Display="&lt;Key&gt;&lt;T&gt;QBMTaggedChange&lt;/T&gt;&lt;P&gt;CCC-AA412709042652438580AEDF01A14014&lt;/P&gt;&lt;/Key&gt;">
               <Value>&lt;Key&gt;&lt;T&gt;QBMTaggedChange&lt;/T&gt;&lt;P&gt;CCC-AA412709042652438580AEDF01A14014&lt;/P&gt;&lt;/Key&gt;</Value>
            </Column>
            <Column Name="XTouched">
               <Value />
            </Column>
         </Columns>
      </DbObject>
      <DbObject Display="CCC-CA94A7DB55F8A840B5FCF8CFE3C86DF5 - &lt;Key&gt;&lt;T&gt;JobChain&lt;/T&gt;&lt;P&gt;CCC-5BFB5E0210C8EE44AA41CBD19F7E85E1&lt;/P&gt;&lt;/Key&gt;" Version="2">
         <Key>
            <Table Name="QBMTaggedChange" Display="CCC-CA94A7DB55F8A840B5FCF8CFE3C86DF5 - &lt;Key&gt;&lt;T&gt;JobChain&lt;/T&gt;&lt;P&gt;CCC-5BFB5E0210C8EE44AA41CBD19F7E85E1&lt;/P&gt;&lt;/Key&gt;" Key="CCC-C02867209360E94FBE86A0B5534CF06A">
               <Prop Name="UID_QBMTaggedChange">
                  <Value>CCC-C02867209360E94FBE86A0B5534CF06A</Value>
               </Prop>
            </Table>
         </Key>
         <Columns>
            <Column Name="ChangeContent" Display="&lt;Diff&gt;&lt;Data State=&quot;Loaded, PermissionBased&quot; /&gt;&lt;Op Columnname=&quot;UID_Job&quot; Type=&quot;Value&quot; ValType=&quot;String&quot; AlreadyApplied=&quot;True&quot;&gt;&lt;OldValue /&gt;&lt;Value&gt;CCC-8C6E3C24EF15E3418FDACA67782DBC5B&lt;/Value&gt;&lt;/Op&gt;&lt;/Diff&gt;">
               <Value>&lt;Diff&gt;&lt;Data State="Loaded, PermissionBased" /&gt;&lt;Op Columnname="UID_Job" Type="Value" ValType="String" AlreadyApplied="True"&gt;&lt;OldValue /&gt;&lt;Value&gt;CCC-8C6E3C24EF15E3418FDACA67782DBC5B&lt;/Value&gt;&lt;/Op&gt;&lt;/Diff&gt;</Value>
            </Column>
            <Column Name="ObjectKey" Display="&lt;Key&gt;&lt;T&gt;JobChain&lt;/T&gt;&lt;P&gt;CCC-5BFB5E0210C8EE44AA41CBD19F7E85E1&lt;/P&gt;&lt;/Key&gt;">
               <Value>&lt;Key&gt;&lt;T&gt;JobChain&lt;/T&gt;&lt;P&gt;CCC-5BFB5E0210C8EE44AA41CBD19F7E85E1&lt;/P&gt;&lt;/Key&gt;</Value>
            </Column>
            <Column Name="SortOrder" Display="3209812618838020">
               <Value>3209812618838020</Value>
            </Column>
            <Column Name="UID_DialogTag" Display="CCC-CA94A7DB55F8A840B5FCF8CFE3C86DF5">
               <Key>
                  <Table Name="DialogTag" Display="CEF_Process_Orchestration" Key="CCC-CA94A7DB55F8A840B5FCF8CFE3C86DF5">
                     <Prop Name="UID_DialogTag">
                        <Value>CCC-CA94A7DB55F8A840B5FCF8CFE3C86DF5</Value>
                     </Prop>
                  </Table>
               </Key>
            </Column>
            <Column Name="UID_QBMTaggedChange" Display="CCC-C02867209360E94FBE86A0B5534CF06A">
               <Value>CCC-C02867209360E94FBE86A0B5534CF06A</Value>
            </Column>
            <Column Name="XObjectKey" Display="&lt;Key&gt;&lt;T&gt;QBMTaggedChange&lt;/T&gt;&lt;P&gt;CCC-C02867209360E94FBE86A0B5534CF06A&lt;/P&gt;&lt;/Key&gt;">
               <Value>&lt;Key&gt;&lt;T&gt;QBMTaggedChange&lt;/T&gt;&lt;P&gt;CCC-C02867209360E94FBE86A0B5534CF06A&lt;/P&gt;&lt;/Key&gt;</Value>
            </Column>
            <Column Name="XTouched">
               <Value />
            </Column>
         </Columns>
      </DbObject>
      <DbObject Display="CCC-CA94A7DB55F8A840B5FCF8CFE3C86DF5 - &lt;Key&gt;&lt;T&gt;JobChain&lt;/T&gt;&lt;P&gt;CCC-A5961339E9F91041A1E621377BD5B7D2&lt;/P&gt;&lt;/Key&gt;" Version="2">
         <Key>
            <Table Name="QBMTaggedChange" Display="CCC-CA94A7DB55F8A840B5FCF8CFE3C86DF5 - &lt;Key&gt;&lt;T&gt;JobChain&lt;/T&gt;&lt;P&gt;CCC-A5961339E9F91041A1E621377BD5B7D2&lt;/P&gt;&lt;/Key&gt;" Key="CCC-ADA86EC851F0C548AA0D980700CBC420">
               <Prop Name="UID_QBMTaggedChange">
                  <Value>CCC-ADA86EC851F0C548AA0D980700CBC420</Value>
               </Prop>
            </Table>
         </Key>
         <Columns>
            <Column Name="ChangeContent" Display="&lt;Diff&gt;&lt;Data State=&quot;PermissionBased&quot; /&gt;&lt;Op Columnname=&quot;Description&quot; Type=&quot;Value&quot; ValType=&quot;String&quot; AlreadyApplied=&quot;True&quot;&gt;&lt;OldValue /&gt;&lt;Value&gt;Deletes the records of the sent messages from the CEF messages table.&lt;/Value&gt;&lt;/Op&gt;&lt;Op Columnname=&quot;Name&quot; Type=&quot;Value&quot; ValType=&quot;String&quot; AlreadyApplied=&quot;True&quot;&gt;&lt;OldValue /&gt;&lt;Value&gt;CCC_CleanupCEFMessages&lt;/Value&gt;&lt;/Op&gt;&lt;Op Columnname=&quot;UID_DialogTable&quot; Type=&quot;Value&quot; ValType=&quot;String&quot; AlreadyApplied=&quot;True&quot;&gt;&lt;OldValue /&gt;&lt;Value&gt;CCC-T-CCCCEFMessages&lt;/Value&gt;&lt;/Op&gt;&lt;Op Columnname=&quot;UID_JobChain&quot; Type=&quot;Value&quot; ValType=&quot;String&quot; AlreadyApplied=&quot;True&quot;&gt;&lt;OldValue /&gt;&lt;Value&gt;CCC-A5961339E9F91041A1E621377BD5B7D2&lt;/Value&gt;&lt;/Op&gt;&lt;/Diff&gt;">
               <Value>&lt;Diff&gt;&lt;Data State="PermissionBased" /&gt;&lt;Op Columnname="Description" Type="Value" ValType="String" AlreadyApplied="True"&gt;&lt;OldValue /&gt;&lt;Value&gt;Deletes the records of the sent messages from the CEF messages table.&lt;/Value&gt;&lt;/Op&gt;&lt;Op Columnname="Name" Type="Value" ValType="String" AlreadyApplied="True"&gt;&lt;OldValue /&gt;&lt;Value&gt;CCC_CleanupCEFMessages&lt;/Value&gt;&lt;/Op&gt;&lt;Op Columnname="UID_DialogTable" Type="Value" ValType="String" AlreadyApplied="True"&gt;&lt;OldValue /&gt;&lt;Value&gt;CCC-T-CCCCEFMessages&lt;/Value&gt;&lt;/Op&gt;&lt;Op Columnname="UID_JobChain" Type="Value" ValType="String" AlreadyApplied="True"&gt;&lt;OldValue /&gt;&lt;Value&gt;CCC-A5961339E9F91041A1E621377BD5B7D2&lt;/Value&gt;&lt;/Op&gt;&lt;/Diff&gt;</Value>
            </Column>
            <Column Name="ObjectKey" Display="&lt;Key&gt;&lt;T&gt;JobChain&lt;/T&gt;&lt;P&gt;CCC-A5961339E9F91041A1E621377BD5B7D2&lt;/P&gt;&lt;/Key&gt;">
               <Value>&lt;Key&gt;&lt;T&gt;JobChain&lt;/T&gt;&lt;P&gt;CCC-A5961339E9F91041A1E621377BD5B7D2&lt;/P&gt;&lt;/Key&gt;</Value>
            </Column>
            <Column Name="SortOrder" Display="3209943067656192">
               <Value>3209943067656192</Value>
            </Column>
            <Column Name="UID_DialogTag" Display="CCC-CA94A7DB55F8A840B5FCF8CFE3C86DF5">
               <Key>
                  <Table Name="DialogTag" Display="CEF_Process_Orchestration" Key="CCC-CA94A7DB55F8A840B5FCF8CFE3C86DF5">
                     <Prop Name="UID_DialogTag">
                        <Value>CCC-CA94A7DB55F8A840B5FCF8CFE3C86DF5</Value>
                     </Prop>
                  </Table>
               </Key>
            </Column>
            <Column Name="UID_QBMTaggedChange" Display="CCC-ADA86EC851F0C548AA0D980700CBC420">
               <Value>CCC-ADA86EC851F0C548AA0D980700CBC420</Value>
            </Column>
            <Column Name="XObjectKey" Display="&lt;Key&gt;&lt;T&gt;QBMTaggedChange&lt;/T&gt;&lt;P&gt;CCC-ADA86EC851F0C548AA0D980700CBC420&lt;/P&gt;&lt;/Key&gt;">
               <Value>&lt;Key&gt;&lt;T&gt;QBMTaggedChange&lt;/T&gt;&lt;P&gt;CCC-ADA86EC851F0C548AA0D980700CBC420&lt;/P&gt;&lt;/Key&gt;</Value>
            </Column>
            <Column Name="XTouched">
               <Value />
            </Column>
         </Columns>
      </DbObject>
      <DbObject Display="CCC-CA94A7DB55F8A840B5FCF8CFE3C86DF5 - &lt;Key&gt;&lt;T&gt;JobChain&lt;/T&gt;&lt;P&gt;CCC-A5961339E9F91041A1E621377BD5B7D2&lt;/P&gt;&lt;/Key&gt;" Version="2">
         <Key>
            <Table Name="QBMTaggedChange" Display="CCC-CA94A7DB55F8A840B5FCF8CFE3C86DF5 - &lt;Key&gt;&lt;T&gt;JobChain&lt;/T&gt;&lt;P&gt;CCC-A5961339E9F91041A1E621377BD5B7D2&lt;/P&gt;&lt;/Key&gt;" Key="CCC-79D4CD81BB43354A9751CB33B81E9D69">
               <Prop Name="UID_QBMTaggedChange">
                  <Value>CCC-79D4CD81BB43354A9751CB33B81E9D69</Value>
               </Prop>
            </Table>
         </Key>
         <Columns>
            <Column Name="ChangeContent" Display="&lt;Diff&gt;&lt;Data State=&quot;Loaded, PermissionBased&quot; /&gt;&lt;Op Columnname=&quot;UID_Job&quot; Type=&quot;Value&quot; ValType=&quot;String&quot; AlreadyApplied=&quot;True&quot;&gt;&lt;OldValue /&gt;&lt;Value&gt;CCC-C77D2575BD44E042B59D089E2B10CD87&lt;/Value&gt;&lt;/Op&gt;&lt;/Diff&gt;">
               <Value>&lt;Diff&gt;&lt;Data State="Loaded, PermissionBased" /&gt;&lt;Op Columnname="UID_Job" Type="Value" ValType="String" AlreadyApplied="True"&gt;&lt;OldValue /&gt;&lt;Value&gt;CCC-C77D2575BD44E042B59D089E2B10CD87&lt;/Value&gt;&lt;/Op&gt;&lt;/Diff&gt;</Value>
            </Column>
            <Column Name="ObjectKey" Display="&lt;Key&gt;&lt;T&gt;JobChain&lt;/T&gt;&lt;P&gt;CCC-A5961339E9F91041A1E621377BD5B7D2&lt;/P&gt;&lt;/Key&gt;">
               <Value>&lt;Key&gt;&lt;T&gt;JobChain&lt;/T&gt;&lt;P&gt;CCC-A5961339E9F91041A1E621377BD5B7D2&lt;/P&gt;&lt;/Key&gt;</Value>
            </Column>
            <Column Name="SortOrder" Display="3209943072505858">
               <Value>3209943072505858</Value>
            </Column>
            <Column Name="UID_DialogTag" Display="CCC-CA94A7DB55F8A840B5FCF8CFE3C86DF5">
               <Key>
                  <Table Name="DialogTag" Display="CEF_Process_Orchestration" Key="CCC-CA94A7DB55F8A840B5FCF8CFE3C86DF5">
                     <Prop Name="UID_DialogTag">
                        <Value>CCC-CA94A7DB55F8A840B5FCF8CFE3C86DF5</Value>
                     </Prop>
                  </Table>
               </Key>
            </Column>
            <Column Name="UID_QBMTaggedChange" Display="CCC-79D4CD81BB43354A9751CB33B81E9D69">
               <Value>CCC-79D4CD81BB43354A9751CB33B81E9D69</Value>
            </Column>
            <Column Name="XObjectKey" Display="&lt;Key&gt;&lt;T&gt;QBMTaggedChange&lt;/T&gt;&lt;P&gt;CCC-79D4CD81BB43354A9751CB33B81E9D69&lt;/P&gt;&lt;/Key&gt;">
               <Value>&lt;Key&gt;&lt;T&gt;QBMTaggedChange&lt;/T&gt;&lt;P&gt;CCC-79D4CD81BB43354A9751CB33B81E9D69&lt;/P&gt;&lt;/Key&gt;</Value>
            </Column>
            <Column Name="XTouched">
               <Value />
            </Column>
         </Columns>
      </DbObject>
      <DbObject Display="CCC-CA94A7DB55F8A840B5FCF8CFE3C86DF5 - &lt;Key&gt;&lt;T&gt;JobChain&lt;/T&gt;&lt;P&gt;CCC-A5961339E9F91041A1E621377BD5B7D2&lt;/P&gt;&lt;/Key&gt;" Version="2">
         <Key>
            <Table Name="QBMTaggedChange" Display="CCC-CA94A7DB55F8A840B5FCF8CFE3C86DF5 - &lt;Key&gt;&lt;T&gt;JobChain&lt;/T&gt;&lt;P&gt;CCC-A5961339E9F91041A1E621377BD5B7D2&lt;/P&gt;&lt;/Key&gt;" Key="CCC-7E10B9E3BAC91A48BEF784A312609575">
               <Prop Name="UID_QBMTaggedChange">
                  <Value>CCC-7E10B9E3BAC91A48BEF784A312609575</Value>
               </Prop>
            </Table>
         </Key>
         <Columns>
            <Column Name="ChangeContent" Display="&lt;Diff&gt;&lt;Data State=&quot;Loaded, PermissionBased&quot; /&gt;&lt;Op Columnname=&quot;LayoutPositions&quot; Type=&quot;Value&quot; ValType=&quot;String&quot; AlreadyApplied=&quot;True&quot;&gt;&lt;OldValue /&gt;&lt;Value&gt;V1.1&amp;#x7;JobChain_CCC_CleanupCEFMessages&amp;#x8;20&amp;#x8;20&amp;#x8;R500&amp;#x7;Remove sent records&amp;#x8;71&amp;#x8;160&lt;/Value&gt;&lt;/Op&gt;&lt;/Diff&gt;">
               <Value>&lt;Diff&gt;&lt;Data State="Loaded, PermissionBased" /&gt;&lt;Op Columnname="LayoutPositions" Type="Value" ValType="String" AlreadyApplied="True"&gt;&lt;OldValue /&gt;&lt;Value&gt;V1.1&amp;#x7;JobChain_CCC_CleanupCEFMessages&amp;#x8;20&amp;#x8;20&amp;#x8;R500&amp;#x7;Remove sent records&amp;#x8;71&amp;#x8;160&lt;/Value&gt;&lt;/Op&gt;&lt;/Diff&gt;</Value>
            </Column>
            <Column Name="ObjectKey" Display="&lt;Key&gt;&lt;T&gt;JobChain&lt;/T&gt;&lt;P&gt;CCC-A5961339E9F91041A1E621377BD5B7D2&lt;/P&gt;&lt;/Key&gt;">
               <Value>&lt;Key&gt;&lt;T&gt;JobChain&lt;/T&gt;&lt;P&gt;CCC-A5961339E9F91041A1E621377BD5B7D2&lt;/P&gt;&lt;/Key&gt;</Value>
            </Column>
            <Column Name="SortOrder" Display="3209943079714828">
               <Value>3209943079714828</Value>
            </Column>
            <Column Name="UID_DialogTag" Display="CCC-CA94A7DB55F8A840B5FCF8CFE3C86DF5">
               <Key>
                  <Table Name="DialogTag" Display="CEF_Process_Orchestration" Key="CCC-CA94A7DB55F8A840B5FCF8CFE3C86DF5">
                     <Prop Name="UID_DialogTag">
                        <Value>CCC-CA94A7DB55F8A840B5FCF8CFE3C86DF5</Value>
                     </Prop>
                  </Table>
               </Key>
            </Column>
            <Column Name="UID_QBMTaggedChange" Display="CCC-7E10B9E3BAC91A48BEF784A312609575">
               <Value>CCC-7E10B9E3BAC91A48BEF784A312609575</Value>
            </Column>
            <Column Name="XObjectKey" Display="&lt;Key&gt;&lt;T&gt;QBMTaggedChange&lt;/T&gt;&lt;P&gt;CCC-7E10B9E3BAC91A48BEF784A312609575&lt;/P&gt;&lt;/Key&gt;">
               <Value>&lt;Key&gt;&lt;T&gt;QBMTaggedChange&lt;/T&gt;&lt;P&gt;CCC-7E10B9E3BAC91A48BEF784A312609575&lt;/P&gt;&lt;/Key&gt;</Value>
            </Column>
            <Column Name="XTouched">
               <Value />
            </Column>
         </Columns>
      </DbObject>
      <DbObject Display="CCC-CA94A7DB55F8A840B5FCF8CFE3C86DF5 - &lt;Key&gt;&lt;T&gt;JobEventGen&lt;/T&gt;&lt;P&gt;CCC-C23A2B081BF39C46885ED3A3216BD2E5&lt;/P&gt;&lt;/Key&gt;" Version="2">
         <Key>
            <Table Name="QBMTaggedChange" Display="CCC-CA94A7DB55F8A840B5FCF8CFE3C86DF5 - &lt;Key&gt;&lt;T&gt;JobEventGen&lt;/T&gt;&lt;P&gt;CCC-C23A2B081BF39C46885ED3A3216BD2E5&lt;/P&gt;&lt;/Key&gt;" Key="CCC-3DC752211474A64C9F5173E954F4831E">
               <Prop Name="UID_QBMTaggedChange">
                  <Value>CCC-3DC752211474A64C9F5173E954F4831E</Value>
               </Prop>
            </Table>
         </Key>
         <Columns>
            <Column Name="ChangeContent" Display="&lt;Diff&gt;&lt;Data State=&quot;PermissionBased&quot; /&gt;&lt;Op Columnname=&quot;UID_JobChain&quot; Type=&quot;Value&quot; ValType=&quot;String&quot; AlreadyApplied=&quot;True&quot;&gt;&lt;OldValue /&gt;&lt;Value&gt;CCC-A5961339E9F91041A1E621377BD5B7D2&lt;/Value&gt;&lt;/Op&gt;&lt;Op Columnname=&quot;UID_JobEventGen&quot; Type=&quot;Value&quot; ValType=&quot;String&quot; AlreadyApplied=&quot;True&quot;&gt;&lt;OldValue /&gt;&lt;Value&gt;CCC-C23A2B081BF39C46885ED3A3216BD2E5&lt;/Value&gt;&lt;/Op&gt;&lt;Op Columnname=&quot;UID_QBMEvent&quot; Type=&quot;Value&quot; ValType=&quot;String&quot; AlreadyApplied=&quot;True&quot;&gt;&lt;OldValue /&gt;&lt;Value&gt;CCC-5EC6373EF877104CB2680852426FF9D1&lt;/Value&gt;&lt;/Op&gt;&lt;/Diff&gt;">
               <Value>&lt;Diff&gt;&lt;Data State="PermissionBased" /&gt;&lt;Op Columnname="UID_JobChain" Type="Value" ValType="String" AlreadyApplied="True"&gt;&lt;OldValue /&gt;&lt;Value&gt;CCC-A5961339E9F91041A1E621377BD5B7D2&lt;/Value&gt;&lt;/Op&gt;&lt;Op Columnname="UID_JobEventGen" Type="Value" ValType="String" AlreadyApplied="True"&gt;&lt;OldValue /&gt;&lt;Value&gt;CCC-C23A2B081BF39C46885ED3A3216BD2E5&lt;/Value&gt;&lt;/Op&gt;&lt;Op Columnname="UID_QBMEvent" Type="Value" ValType="String" AlreadyApplied="True"&gt;&lt;OldValue /&gt;&lt;Value&gt;CCC-5EC6373EF877104CB2680852426FF9D1&lt;/Value&gt;&lt;/Op&gt;&lt;/Diff&gt;</Value>
            </Column>
            <Column Name="ObjectKey" Display="&lt;Key&gt;&lt;T&gt;JobEventGen&lt;/T&gt;&lt;P&gt;CCC-C23A2B081BF39C46885ED3A3216BD2E5&lt;/P&gt;&lt;/Key&gt;">
               <Value>&lt;Key&gt;&lt;T&gt;JobEventGen&lt;/T&gt;&lt;P&gt;CCC-C23A2B081BF39C46885ED3A3216BD2E5&lt;/P&gt;&lt;/Key&gt;</Value>
            </Column>
            <Column Name="SortOrder" Display="3209943079714827">
               <Value>3209943079714827</Value>
            </Column>
            <Column Name="UID_DialogTag" Display="CCC-CA94A7DB55F8A840B5FCF8CFE3C86DF5">
               <Key>
                  <Table Name="DialogTag" Display="CEF_Process_Orchestration" Key="CCC-CA94A7DB55F8A840B5FCF8CFE3C86DF5">
                     <Prop Name="UID_DialogTag">
                        <Value>CCC-CA94A7DB55F8A840B5FCF8CFE3C86DF5</Value>
                     </Prop>
                  </Table>
               </Key>
            </Column>
            <Column Name="UID_QBMTaggedChange" Display="CCC-3DC752211474A64C9F5173E954F4831E">
               <Value>CCC-3DC752211474A64C9F5173E954F4831E</Value>
            </Column>
            <Column Name="XObjectKey" Display="&lt;Key&gt;&lt;T&gt;QBMTaggedChange&lt;/T&gt;&lt;P&gt;CCC-3DC752211474A64C9F5173E954F4831E&lt;/P&gt;&lt;/Key&gt;">
               <Value>&lt;Key&gt;&lt;T&gt;QBMTaggedChange&lt;/T&gt;&lt;P&gt;CCC-3DC752211474A64C9F5173E954F4831E&lt;/P&gt;&lt;/Key&gt;</Value>
            </Column>
            <Column Name="XTouched">
               <Value />
            </Column>
         </Columns>
      </DbObject>
      <DbObject Display="CCC-CA94A7DB55F8A840B5FCF8CFE3C86DF5 - &lt;Key&gt;&lt;T&gt;JobEventGen&lt;/T&gt;&lt;P&gt;CCC-ED6339E6C6FFAB4E8B56632BCF898071&lt;/P&gt;&lt;/Key&gt;" Version="2">
         <Key>
            <Table Name="QBMTaggedChange" Display="CCC-CA94A7DB55F8A840B5FCF8CFE3C86DF5 - &lt;Key&gt;&lt;T&gt;JobEventGen&lt;/T&gt;&lt;P&gt;CCC-ED6339E6C6FFAB4E8B56632BCF898071&lt;/P&gt;&lt;/Key&gt;" Key="CCC-8CCFBD46FB63DE4F82E8946EBADC0347">
               <Prop Name="UID_QBMTaggedChange">
                  <Value>CCC-8CCFBD46FB63DE4F82E8946EBADC0347</Value>
               </Prop>
            </Table>
         </Key>
         <Columns>
            <Column Name="ChangeContent" Display="&lt;Diff&gt;&lt;Data State=&quot;PermissionBased&quot; /&gt;&lt;Op Columnname=&quot;UID_JobChain&quot; Type=&quot;Value&quot; ValType=&quot;String&quot; AlreadyApplied=&quot;True&quot;&gt;&lt;OldValue /&gt;&lt;Value&gt;CCC-5BFB5E0210C8EE44AA41CBD19F7E85E1&lt;/Value&gt;&lt;/Op&gt;&lt;Op Columnname=&quot;UID_JobEventGen&quot; Type=&quot;Value&quot; ValType=&quot;String&quot; AlreadyApplied=&quot;True&quot;&gt;&lt;OldValue /&gt;&lt;Value&gt;CCC-ED6339E6C6FFAB4E8B56632BCF898071&lt;/Value&gt;&lt;/Op&gt;&lt;Op Columnname=&quot;UID_QBMEvent&quot; Type=&quot;Value&quot; ValType=&quot;String&quot; AlreadyApplied=&quot;True&quot;&gt;&lt;OldValue /&gt;&lt;Value&gt;CCC-03C520FDBC0A7041A39AE74B45602502&lt;/Value&gt;&lt;/Op&gt;&lt;/Diff&gt;">
               <Value>&lt;Diff&gt;&lt;Data State="PermissionBased" /&gt;&lt;Op Columnname="UID_JobChain" Type="Value" ValType="String" AlreadyApplied="True"&gt;&lt;OldValue /&gt;&lt;Value&gt;CCC-5BFB5E0210C8EE44AA41CBD19F7E85E1&lt;/Value&gt;&lt;/Op&gt;&lt;Op Columnname="UID_JobEventGen" Type="Value" ValType="String" AlreadyApplied="True"&gt;&lt;OldValue /&gt;&lt;Value&gt;CCC-ED6339E6C6FFAB4E8B56632BCF898071&lt;/Value&gt;&lt;/Op&gt;&lt;Op Columnname="UID_QBMEvent" Type="Value" ValType="String" AlreadyApplied="True"&gt;&lt;OldValue /&gt;&lt;Value&gt;CCC-03C520FDBC0A7041A39AE74B45602502&lt;/Value&gt;&lt;/Op&gt;&lt;/Diff&gt;</Value>
            </Column>
            <Column Name="ObjectKey" Display="&lt;Key&gt;&lt;T&gt;JobEventGen&lt;/T&gt;&lt;P&gt;CCC-ED6339E6C6FFAB4E8B56632BCF898071&lt;/P&gt;&lt;/Key&gt;">
               <Value>&lt;Key&gt;&lt;T&gt;JobEventGen&lt;/T&gt;&lt;P&gt;CCC-ED6339E6C6FFAB4E8B56632BCF898071&lt;/P&gt;&lt;/Key&gt;</Value>
            </Column>
            <Column Name="SortOrder" Display="3209812617003010">
               <Value>3209812617003010</Value>
            </Column>
            <Column Name="UID_DialogTag" Display="CCC-CA94A7DB55F8A840B5FCF8CFE3C86DF5">
               <Key>
                  <Table Name="DialogTag" Display="CEF_Process_Orchestration" Key="CCC-CA94A7DB55F8A840B5FCF8CFE3C86DF5">
                     <Prop Name="UID_DialogTag">
                        <Value>CCC-CA94A7DB55F8A840B5FCF8CFE3C86DF5</Value>
                     </Prop>
                  </Table>
               </Key>
            </Column>
            <Column Name="UID_QBMTaggedChange" Display="CCC-8CCFBD46FB63DE4F82E8946EBADC0347">
               <Value>CCC-8CCFBD46FB63DE4F82E8946EBADC0347</Value>
            </Column>
            <Column Name="XObjectKey" Display="&lt;Key&gt;&lt;T&gt;QBMTaggedChange&lt;/T&gt;&lt;P&gt;CCC-8CCFBD46FB63DE4F82E8946EBADC0347&lt;/P&gt;&lt;/Key&gt;">
               <Value>&lt;Key&gt;&lt;T&gt;QBMTaggedChange&lt;/T&gt;&lt;P&gt;CCC-8CCFBD46FB63DE4F82E8946EBADC0347&lt;/P&gt;&lt;/Key&gt;</Value>
            </Column>
            <Column Name="XTouched">
               <Value />
            </Column>
         </Columns>
      </DbObject>
      <DbObject Display="CCC-CA94A7DB55F8A840B5FCF8CFE3C86DF5 - &lt;Key&gt;&lt;T&gt;JobRunParameter&lt;/T&gt;&lt;P&gt;CCC-8C6E3C24EF15E3418FDACA67782DBC5B&lt;/P&gt;&lt;P&gt;QBM-2DA5BEF3C7684B7294A7146607D9C59B&lt;/P&gt;&lt;/Key&gt;" Version="2">
         <Key>
            <Table Name="QBMTaggedChange" Display="CCC-CA94A7DB55F8A840B5FCF8CFE3C86DF5 - &lt;Key&gt;&lt;T&gt;JobRunParameter&lt;/T&gt;&lt;P&gt;CCC-8C6E3C24EF15E3418FDACA67782DBC5B&lt;/P&gt;&lt;P&gt;QBM-2DA5BEF3C7684B7294A7146607D9C59B&lt;/P&gt;&lt;/Key&gt;" Key="CCC-E5661DC2FCB24447A15A271C07669BB0">
               <Prop Name="UID_QBMTaggedChange">
                  <Value>CCC-E5661DC2FCB24447A15A271C07669BB0</Value>
               </Prop>
            </Table>
         </Key>
         <Columns>
            <Column Name="ChangeContent" Display="&lt;Diff&gt;&lt;Data State=&quot;PermissionBased&quot; /&gt;&lt;Op Columnname=&quot;Name&quot; Type=&quot;Value&quot; ValType=&quot;String&quot; AlreadyApplied=&quot;True&quot;&gt;&lt;OldValue /&gt;&lt;Value&gt;ConnectionString&lt;/Value&gt;&lt;/Op&gt;&lt;Op Columnname=&quot;UID_Job&quot; Type=&quot;Value&quot; ValType=&quot;String&quot; AlreadyApplied=&quot;True&quot;&gt;&lt;OldValue /&gt;&lt;Value&gt;CCC-8C6E3C24EF15E3418FDACA67782DBC5B&lt;/Value&gt;&lt;/Op&gt;&lt;Op Columnname=&quot;UID_JobParameter&quot; Type=&quot;Value&quot; ValType=&quot;String&quot; AlreadyApplied=&quot;True&quot;&gt;&lt;OldValue /&gt;&lt;Value&gt;QBM-2DA5BEF3C7684B7294A7146607D9C59B&lt;/Value&gt;&lt;/Op&gt;&lt;Op Columnname=&quot;ValueTemplate&quot; Type=&quot;Value&quot; ValType=&quot;String&quot; AlreadyApplied=&quot;True&quot;&gt;&lt;OldValue /&gt;&lt;Value&gt;Value = ConnectionInfo.ConnectionString&lt;/Value&gt;&lt;/Op&gt;&lt;/Diff&gt;">
               <Value>&lt;Diff&gt;&lt;Data State="PermissionBased" /&gt;&lt;Op Columnname="Name" Type="Value" ValType="String" AlreadyApplied="True"&gt;&lt;OldValue /&gt;&lt;Value&gt;ConnectionString&lt;/Value&gt;&lt;/Op&gt;&lt;Op Columnname="UID_Job" Type="Value" ValType="String" AlreadyApplied="True"&gt;&lt;OldValue /&gt;&lt;Value&gt;CCC-8C6E3C24EF15E3418FDACA67782DBC5B&lt;/Value&gt;&lt;/Op&gt;&lt;Op Columnname="UID_JobParameter" Type="Value" ValType="String" AlreadyApplied="True"&gt;&lt;OldValue /&gt;&lt;Value&gt;QBM-2DA5BEF3C7684B7294A7146607D9C59B&lt;/Value&gt;&lt;/Op&gt;&lt;Op Columnname="ValueTemplate" Type="Value" ValType="String" AlreadyApplied="True"&gt;&lt;OldValue /&gt;&lt;Value&gt;Value = ConnectionInfo.ConnectionString&lt;/Value&gt;&lt;/Op&gt;&lt;/Diff&gt;</Value>
            </Column>
            <Column Name="ObjectKey" Display="&lt;Key&gt;&lt;T&gt;JobRunParameter&lt;/T&gt;&lt;P&gt;CCC-8C6E3C24EF15E3418FDACA67782DBC5B&lt;/P&gt;&lt;P&gt;QBM-2DA5BEF3C7684B7294A7146607D9C59B&lt;/P&gt;&lt;/Key&gt;">
               <Value>&lt;Key&gt;&lt;T&gt;JobRunParameter&lt;/T&gt;&lt;P&gt;CCC-8C6E3C24EF15E3418FDACA67782DBC5B&lt;/P&gt;&lt;P&gt;QBM-2DA5BEF3C7684B7294A7146607D9C59B&lt;/P&gt;&lt;/Key&gt;</Value>
            </Column>
            <Column Name="SortOrder" Display="3209812618838024">
               <Value>3209812618838024</Value>
            </Column>
            <Column Name="UID_DialogTag" Display="CCC-CA94A7DB55F8A840B5FCF8CFE3C86DF5">
               <Key>
                  <Table Name="DialogTag" Display="CEF_Process_Orchestration" Key="CCC-CA94A7DB55F8A840B5FCF8CFE3C86DF5">
                     <Prop Name="UID_DialogTag">
                        <Value>CCC-CA94A7DB55F8A840B5FCF8CFE3C86DF5</Value>
                     </Prop>
                  </Table>
               </Key>
            </Column>
            <Column Name="UID_QBMTaggedChange" Display="CCC-E5661DC2FCB24447A15A271C07669BB0">
               <Value>CCC-E5661DC2FCB24447A15A271C07669BB0</Value>
            </Column>
            <Column Name="XObjectKey" Display="&lt;Key&gt;&lt;T&gt;QBMTaggedChange&lt;/T&gt;&lt;P&gt;CCC-E5661DC2FCB24447A15A271C07669BB0&lt;/P&gt;&lt;/Key&gt;">
               <Value>&lt;Key&gt;&lt;T&gt;QBMTaggedChange&lt;/T&gt;&lt;P&gt;CCC-E5661DC2FCB24447A15A271C07669BB0&lt;/P&gt;&lt;/Key&gt;</Value>
            </Column>
            <Column Name="XTouched">
               <Value />
            </Column>
         </Columns>
      </DbObject>
      <DbObject Display="CCC-CA94A7DB55F8A840B5FCF8CFE3C86DF5 - &lt;Key&gt;&lt;T&gt;JobRunParameter&lt;/T&gt;&lt;P&gt;CCC-8C6E3C24EF15E3418FDACA67782DBC5B&lt;/P&gt;&lt;P&gt;QBM-3F295A50E8DD4295BE96B25F0B76E498&lt;/P&gt;&lt;/Key&gt;" Version="2">
         <Key>
            <Table Name="QBMTaggedChange" Display="CCC-CA94A7DB55F8A840B5FCF8CFE3C86DF5 - &lt;Key&gt;&lt;T&gt;JobRunParameter&lt;/T&gt;&lt;P&gt;CCC-8C6E3C24EF15E3418FDACA67782DBC5B&lt;/P&gt;&lt;P&gt;QBM-3F295A50E8DD4295BE96B25F0B76E498&lt;/P&gt;&lt;/Key&gt;" Key="CCC-ADDBDFE3DCFADE4FA6E7501AA84CA2C9">
               <Prop Name="UID_QBMTaggedChange">
                  <Value>CCC-ADDBDFE3DCFADE4FA6E7501AA84CA2C9</Value>
               </Prop>
            </Table>
         </Key>
         <Columns>
            <Column Name="ChangeContent" Display="&lt;Diff&gt;&lt;Data State=&quot;PermissionBased&quot; /&gt;&lt;Op Columnname=&quot;Name&quot; Type=&quot;Value&quot; ValType=&quot;String&quot; AlreadyApplied=&quot;True&quot;&gt;&lt;OldValue /&gt;&lt;Value&gt;ConnectionProvider&lt;/Value&gt;&lt;/Op&gt;&lt;Op Columnname=&quot;UID_Job&quot; Type=&quot;Value&quot; ValType=&quot;String&quot; AlreadyApplied=&quot;True&quot;&gt;&lt;OldValue /&gt;&lt;Value&gt;CCC-8C6E3C24EF15E3418FDACA67782DBC5B&lt;/Value&gt;&lt;/Op&gt;&lt;Op Columnname=&quot;UID_JobParameter&quot; Type=&quot;Value&quot; ValType=&quot;String&quot; AlreadyApplied=&quot;True&quot;&gt;&lt;OldValue /&gt;&lt;Value&gt;QBM-3F295A50E8DD4295BE96B25F0B76E498&lt;/Value&gt;&lt;/Op&gt;&lt;Op Columnname=&quot;ValueTemplate&quot; Type=&quot;Value&quot; ValType=&quot;String&quot; AlreadyApplied=&quot;True&quot;&gt;&lt;OldValue /&gt;&lt;Value&gt;Value = ConnectionInfo.ConnectionProvider&lt;/Value&gt;&lt;/Op&gt;&lt;/Diff&gt;">
               <Value>&lt;Diff&gt;&lt;Data State="PermissionBased" /&gt;&lt;Op Columnname="Name" Type="Value" ValType="String" AlreadyApplied="True"&gt;&lt;OldValue /&gt;&lt;Value&gt;ConnectionProvider&lt;/Value&gt;&lt;/Op&gt;&lt;Op Columnname="UID_Job" Type="Value" ValType="String" AlreadyApplied="True"&gt;&lt;OldValue /&gt;&lt;Value&gt;CCC-8C6E3C24EF15E3418FDACA67782DBC5B&lt;/Value&gt;&lt;/Op&gt;&lt;Op Columnname="UID_JobParameter" Type="Value" ValType="String" AlreadyApplied="True"&gt;&lt;OldValue /&gt;&lt;Value&gt;QBM-3F295A50E8DD4295BE96B25F0B76E498&lt;/Value&gt;&lt;/Op&gt;&lt;Op Columnname="ValueTemplate" Type="Value" ValType="String" AlreadyApplied="True"&gt;&lt;OldValue /&gt;&lt;Value&gt;Value = ConnectionInfo.ConnectionProvider&lt;/Value&gt;&lt;/Op&gt;&lt;/Diff&gt;</Value>
            </Column>
            <Column Name="ObjectKey" Display="&lt;Key&gt;&lt;T&gt;JobRunParameter&lt;/T&gt;&lt;P&gt;CCC-8C6E3C24EF15E3418FDACA67782DBC5B&lt;/P&gt;&lt;P&gt;QBM-3F295A50E8DD4295BE96B25F0B76E498&lt;/P&gt;&lt;/Key&gt;">
               <Value>&lt;Key&gt;&lt;T&gt;JobRunParameter&lt;/T&gt;&lt;P&gt;CCC-8C6E3C24EF15E3418FDACA67782DBC5B&lt;/P&gt;&lt;P&gt;QBM-3F295A50E8DD4295BE96B25F0B76E498&lt;/P&gt;&lt;/Key&gt;</Value>
            </Column>
            <Column Name="SortOrder" Display="3209812618838023">
               <Value>3209812618838023</Value>
            </Column>
            <Column Name="UID_DialogTag" Display="CCC-CA94A7DB55F8A840B5FCF8CFE3C86DF5">
               <Key>
                  <Table Name="DialogTag" Display="CEF_Process_Orchestration" Key="CCC-CA94A7DB55F8A840B5FCF8CFE3C86DF5">
                     <Prop Name="UID_DialogTag">
                        <Value>CCC-CA94A7DB55F8A840B5FCF8CFE3C86DF5</Value>
                     </Prop>
                  </Table>
               </Key>
            </Column>
            <Column Name="UID_QBMTaggedChange" Display="CCC-ADDBDFE3DCFADE4FA6E7501AA84CA2C9">
               <Value>CCC-ADDBDFE3DCFADE4FA6E7501AA84CA2C9</Value>
            </Column>
            <Column Name="XObjectKey" Display="&lt;Key&gt;&lt;T&gt;QBMTaggedChange&lt;/T&gt;&lt;P&gt;CCC-ADDBDFE3DCFADE4FA6E7501AA84CA2C9&lt;/P&gt;&lt;/Key&gt;">
               <Value>&lt;Key&gt;&lt;T&gt;QBMTaggedChange&lt;/T&gt;&lt;P&gt;CCC-ADDBDFE3DCFADE4FA6E7501AA84CA2C9&lt;/P&gt;&lt;/Key&gt;</Value>
            </Column>
            <Column Name="XTouched">
               <Value />
            </Column>
         </Columns>
      </DbObject>
      <DbObject Display="CCC-CA94A7DB55F8A840B5FCF8CFE3C86DF5 - &lt;Key&gt;&lt;T&gt;JobRunParameter&lt;/T&gt;&lt;P&gt;CCC-8C6E3C24EF15E3418FDACA67782DBC5B&lt;/P&gt;&lt;P&gt;QBM-8AC23451F7524207A8B8AF71224AE7FC&lt;/P&gt;&lt;/Key&gt;" Version="2">
         <Key>
            <Table Name="QBMTaggedChange" Display="CCC-CA94A7DB55F8A840B5FCF8CFE3C86DF5 - &lt;Key&gt;&lt;T&gt;JobRunParameter&lt;/T&gt;&lt;P&gt;CCC-8C6E3C24EF15E3418FDACA67782DBC5B&lt;/P&gt;&lt;P&gt;QBM-8AC23451F7524207A8B8AF71224AE7FC&lt;/P&gt;&lt;/Key&gt;" Key="CCC-CE22C57DF817514FBF2486B1CB88C0AF">
               <Prop Name="UID_QBMTaggedChange">
                  <Value>CCC-CE22C57DF817514FBF2486B1CB88C0AF</Value>
               </Prop>
            </Table>
         </Key>
         <Columns>
            <Column Name="ChangeContent" Display="&lt;Diff&gt;&lt;Data State=&quot;PermissionBased&quot; /&gt;&lt;Op Columnname=&quot;Name&quot; Type=&quot;Value&quot; ValType=&quot;String&quot; AlreadyApplied=&quot;True&quot;&gt;&lt;OldValue /&gt;&lt;Value&gt;ScriptName&lt;/Value&gt;&lt;/Op&gt;&lt;Op Columnname=&quot;UID_Job&quot; Type=&quot;Value&quot; ValType=&quot;String&quot; AlreadyApplied=&quot;True&quot;&gt;&lt;OldValue /&gt;&lt;Value&gt;CCC-8C6E3C24EF15E3418FDACA67782DBC5B&lt;/Value&gt;&lt;/Op&gt;&lt;Op Columnname=&quot;UID_JobParameter&quot; Type=&quot;Value&quot; ValType=&quot;String&quot; AlreadyApplied=&quot;True&quot;&gt;&lt;OldValue /&gt;&lt;Value&gt;QBM-8AC23451F7524207A8B8AF71224AE7FC&lt;/Value&gt;&lt;/Op&gt;&lt;Op Columnname=&quot;ValueTemplate&quot; Type=&quot;Value&quot; ValType=&quot;String&quot; AlreadyApplied=&quot;True&quot;&gt;&lt;OldValue /&gt;&lt;Value&gt;Value = &quot;CCC_GetCEFMessages2Send&quot;&lt;/Value&gt;&lt;/Op&gt;&lt;/Diff&gt;">
               <Value>&lt;Diff&gt;&lt;Data State="PermissionBased" /&gt;&lt;Op Columnname="Name" Type="Value" ValType="String" AlreadyApplied="True"&gt;&lt;OldValue /&gt;&lt;Value&gt;ScriptName&lt;/Value&gt;&lt;/Op&gt;&lt;Op Columnname="UID_Job" Type="Value" ValType="String" AlreadyApplied="True"&gt;&lt;OldValue /&gt;&lt;Value&gt;CCC-8C6E3C24EF15E3418FDACA67782DBC5B&lt;/Value&gt;&lt;/Op&gt;&lt;Op Columnname="UID_JobParameter" Type="Value" ValType="String" AlreadyApplied="True"&gt;&lt;OldValue /&gt;&lt;Value&gt;QBM-8AC23451F7524207A8B8AF71224AE7FC&lt;/Value&gt;&lt;/Op&gt;&lt;Op Columnname="ValueTemplate" Type="Value" ValType="String" AlreadyApplied="True"&gt;&lt;OldValue /&gt;&lt;Value&gt;Value = "CCC_GetCEFMessages2Send"&lt;/Value&gt;&lt;/Op&gt;&lt;/Diff&gt;</Value>
            </Column>
            <Column Name="ObjectKey" Display="&lt;Key&gt;&lt;T&gt;JobRunParameter&lt;/T&gt;&lt;P&gt;CCC-8C6E3C24EF15E3418FDACA67782DBC5B&lt;/P&gt;&lt;P&gt;QBM-8AC23451F7524207A8B8AF71224AE7FC&lt;/P&gt;&lt;/Key&gt;">
               <Value>&lt;Key&gt;&lt;T&gt;JobRunParameter&lt;/T&gt;&lt;P&gt;CCC-8C6E3C24EF15E3418FDACA67782DBC5B&lt;/P&gt;&lt;P&gt;QBM-8AC23451F7524207A8B8AF71224AE7FC&lt;/P&gt;&lt;/Key&gt;</Value>
            </Column>
            <Column Name="SortOrder" Display="3209812618838025">
               <Value>3209812618838025</Value>
            </Column>
            <Column Name="UID_DialogTag" Display="CCC-CA94A7DB55F8A840B5FCF8CFE3C86DF5">
               <Key>
                  <Table Name="DialogTag" Display="CEF_Process_Orchestration" Key="CCC-CA94A7DB55F8A840B5FCF8CFE3C86DF5">
                     <Prop Name="UID_DialogTag">
                        <Value>CCC-CA94A7DB55F8A840B5FCF8CFE3C86DF5</Value>
                     </Prop>
                  </Table>
               </Key>
            </Column>
            <Column Name="UID_QBMTaggedChange" Display="CCC-CE22C57DF817514FBF2486B1CB88C0AF">
               <Value>CCC-CE22C57DF817514FBF2486B1CB88C0AF</Value>
            </Column>
            <Column Name="XObjectKey" Display="&lt;Key&gt;&lt;T&gt;QBMTaggedChange&lt;/T&gt;&lt;P&gt;CCC-CE22C57DF817514FBF2486B1CB88C0AF&lt;/P&gt;&lt;/Key&gt;">
               <Value>&lt;Key&gt;&lt;T&gt;QBMTaggedChange&lt;/T&gt;&lt;P&gt;CCC-CE22C57DF817514FBF2486B1CB88C0AF&lt;/P&gt;&lt;/Key&gt;</Value>
            </Column>
            <Column Name="XTouched">
               <Value />
            </Column>
         </Columns>
      </DbObject>
      <DbObject Display="CCC-CA94A7DB55F8A840B5FCF8CFE3C86DF5 - &lt;Key&gt;&lt;T&gt;JobRunParameter&lt;/T&gt;&lt;P&gt;CCC-8C6E3C24EF15E3418FDACA67782DBC5B&lt;/P&gt;&lt;P&gt;QBM-E20AEE2CD2CB402F8F5F9092E35718BF&lt;/P&gt;&lt;/Key&gt;" Version="2">
         <Key>
            <Table Name="QBMTaggedChange" Display="CCC-CA94A7DB55F8A840B5FCF8CFE3C86DF5 - &lt;Key&gt;&lt;T&gt;JobRunParameter&lt;/T&gt;&lt;P&gt;CCC-8C6E3C24EF15E3418FDACA67782DBC5B&lt;/P&gt;&lt;P&gt;QBM-E20AEE2CD2CB402F8F5F9092E35718BF&lt;/P&gt;&lt;/Key&gt;" Key="CCC-F0247F0A6B8E0A4596215C3521CB945A">
               <Prop Name="UID_QBMTaggedChange">
                  <Value>CCC-F0247F0A6B8E0A4596215C3521CB945A</Value>
               </Prop>
            </Table>
         </Key>
         <Columns>
            <Column Name="ChangeContent" Display="&lt;Diff&gt;&lt;Data State=&quot;PermissionBased&quot; /&gt;&lt;Op Columnname=&quot;Name&quot; Type=&quot;Value&quot; ValType=&quot;String&quot; AlreadyApplied=&quot;True&quot;&gt;&lt;OldValue /&gt;&lt;Value&gt;AuthenticationString&lt;/Value&gt;&lt;/Op&gt;&lt;Op Columnname=&quot;UID_Job&quot; Type=&quot;Value&quot; ValType=&quot;String&quot; AlreadyApplied=&quot;True&quot;&gt;&lt;OldValue /&gt;&lt;Value&gt;CCC-8C6E3C24EF15E3418FDACA67782DBC5B&lt;/Value&gt;&lt;/Op&gt;&lt;Op Columnname=&quot;UID_JobParameter&quot; Type=&quot;Value&quot; ValType=&quot;String&quot; AlreadyApplied=&quot;True&quot;&gt;&lt;OldValue /&gt;&lt;Value&gt;QBM-E20AEE2CD2CB402F8F5F9092E35718BF&lt;/Value&gt;&lt;/Op&gt;&lt;Op Columnname=&quot;ValueTemplate&quot; Type=&quot;Value&quot; ValType=&quot;String&quot; AlreadyApplied=&quot;True&quot;&gt;&lt;OldValue /&gt;&lt;Value&gt;Value = ConnectionInfo.AuthString&lt;/Value&gt;&lt;/Op&gt;&lt;/Diff&gt;">
               <Value>&lt;Diff&gt;&lt;Data State="PermissionBased" /&gt;&lt;Op Columnname="Name" Type="Value" ValType="String" AlreadyApplied="True"&gt;&lt;OldValue /&gt;&lt;Value&gt;AuthenticationString&lt;/Value&gt;&lt;/Op&gt;&lt;Op Columnname="UID_Job" Type="Value" ValType="String" AlreadyApplied="True"&gt;&lt;OldValue /&gt;&lt;Value&gt;CCC-8C6E3C24EF15E3418FDACA67782DBC5B&lt;/Value&gt;&lt;/Op&gt;&lt;Op Columnname="UID_JobParameter" Type="Value" ValType="String" AlreadyApplied="True"&gt;&lt;OldValue /&gt;&lt;Value&gt;QBM-E20AEE2CD2CB402F8F5F9092E35718BF&lt;/Value&gt;&lt;/Op&gt;&lt;Op Columnname="ValueTemplate" Type="Value" ValType="String" AlreadyApplied="True"&gt;&lt;OldValue /&gt;&lt;Value&gt;Value = ConnectionInfo.AuthString&lt;/Value&gt;&lt;/Op&gt;&lt;/Diff&gt;</Value>
            </Column>
            <Column Name="ObjectKey" Display="&lt;Key&gt;&lt;T&gt;JobRunParameter&lt;/T&gt;&lt;P&gt;CCC-8C6E3C24EF15E3418FDACA67782DBC5B&lt;/P&gt;&lt;P&gt;QBM-E20AEE2CD2CB402F8F5F9092E35718BF&lt;/P&gt;&lt;/Key&gt;">
               <Value>&lt;Key&gt;&lt;T&gt;JobRunParameter&lt;/T&gt;&lt;P&gt;CCC-8C6E3C24EF15E3418FDACA67782DBC5B&lt;/P&gt;&lt;P&gt;QBM-E20AEE2CD2CB402F8F5F9092E35718BF&lt;/P&gt;&lt;/Key&gt;</Value>
            </Column>
            <Column Name="SortOrder" Display="3209812618838022">
               <Value>3209812618838022</Value>
            </Column>
            <Column Name="UID_DialogTag" Display="CCC-CA94A7DB55F8A840B5FCF8CFE3C86DF5">
               <Key>
                  <Table Name="DialogTag" Display="CEF_Process_Orchestration" Key="CCC-CA94A7DB55F8A840B5FCF8CFE3C86DF5">
                     <Prop Name="UID_DialogTag">
                        <Value>CCC-CA94A7DB55F8A840B5FCF8CFE3C86DF5</Value>
                     </Prop>
                  </Table>
               </Key>
            </Column>
            <Column Name="UID_QBMTaggedChange" Display="CCC-F0247F0A6B8E0A4596215C3521CB945A">
               <Value>CCC-F0247F0A6B8E0A4596215C3521CB945A</Value>
            </Column>
            <Column Name="XObjectKey" Display="&lt;Key&gt;&lt;T&gt;QBMTaggedChange&lt;/T&gt;&lt;P&gt;CCC-F0247F0A6B8E0A4596215C3521CB945A&lt;/P&gt;&lt;/Key&gt;">
               <Value>&lt;Key&gt;&lt;T&gt;QBMTaggedChange&lt;/T&gt;&lt;P&gt;CCC-F0247F0A6B8E0A4596215C3521CB945A&lt;/P&gt;&lt;/Key&gt;</Value>
            </Column>
            <Column Name="XTouched">
               <Value />
            </Column>
         </Columns>
      </DbObject>
      <DbObject Display="CCC-CA94A7DB55F8A840B5FCF8CFE3C86DF5 - &lt;Key&gt;&lt;T&gt;JobRunParameter&lt;/T&gt;&lt;P&gt;CCC-C77D2575BD44E042B59D089E2B10CD87&lt;/P&gt;&lt;P&gt;QBM-0429826E6D0545D7B594831C35D81401&lt;/P&gt;&lt;/Key&gt;" Version="2">
         <Key>
            <Table Name="QBMTaggedChange" Display="CCC-CA94A7DB55F8A840B5FCF8CFE3C86DF5 - &lt;Key&gt;&lt;T&gt;JobRunParameter&lt;/T&gt;&lt;P&gt;CCC-C77D2575BD44E042B59D089E2B10CD87&lt;/P&gt;&lt;P&gt;QBM-0429826E6D0545D7B594831C35D81401&lt;/P&gt;&lt;/Key&gt;" Key="CCC-CCFE6765FE828C468BFDB98E59DCE3D1">
               <Prop Name="UID_QBMTaggedChange">
                  <Value>CCC-CCFE6765FE828C468BFDB98E59DCE3D1</Value>
               </Prop>
            </Table>
         </Key>
         <Columns>
            <Column Name="ChangeContent" Display="&lt;Diff&gt;&lt;Data State=&quot;PermissionBased&quot; /&gt;&lt;Op Columnname=&quot;Name&quot; Type=&quot;Value&quot; ValType=&quot;String&quot; AlreadyApplied=&quot;True&quot;&gt;&lt;OldValue /&gt;&lt;Value&gt;ConnectionProvider&lt;/Value&gt;&lt;/Op&gt;&lt;Op Columnname=&quot;UID_Job&quot; Type=&quot;Value&quot; ValType=&quot;String&quot; AlreadyApplied=&quot;True&quot;&gt;&lt;OldValue /&gt;&lt;Value&gt;CCC-C77D2575BD44E042B59D089E2B10CD87&lt;/Value&gt;&lt;/Op&gt;&lt;Op Columnname=&quot;UID_JobParameter&quot; Type=&quot;Value&quot; ValType=&quot;String&quot; AlreadyApplied=&quot;True&quot;&gt;&lt;OldValue /&gt;&lt;Value&gt;QBM-0429826E6D0545D7B594831C35D81401&lt;/Value&gt;&lt;/Op&gt;&lt;Op Columnname=&quot;ValueTemplate&quot; Type=&quot;Value&quot; ValType=&quot;String&quot; AlreadyApplied=&quot;True&quot;&gt;&lt;OldValue /&gt;&lt;Value&gt;Value = ConnectionInfo.ConnectionProvider&lt;/Value&gt;&lt;/Op&gt;&lt;/Diff&gt;">
               <Value>&lt;Diff&gt;&lt;Data State="PermissionBased" /&gt;&lt;Op Columnname="Name" Type="Value" ValType="String" AlreadyApplied="True"&gt;&lt;OldValue /&gt;&lt;Value&gt;ConnectionProvider&lt;/Value&gt;&lt;/Op&gt;&lt;Op Columnname="UID_Job" Type="Value" ValType="String" AlreadyApplied="True"&gt;&lt;OldValue /&gt;&lt;Value&gt;CCC-C77D2575BD44E042B59D089E2B10CD87&lt;/Value&gt;&lt;/Op&gt;&lt;Op Columnname="UID_JobParameter" Type="Value" ValType="String" AlreadyApplied="True"&gt;&lt;OldValue /&gt;&lt;Value&gt;QBM-0429826E6D0545D7B594831C35D81401&lt;/Value&gt;&lt;/Op&gt;&lt;Op Columnname="ValueTemplate" Type="Value" ValType="String" AlreadyApplied="True"&gt;&lt;OldValue /&gt;&lt;Value&gt;Value = ConnectionInfo.ConnectionProvider&lt;/Value&gt;&lt;/Op&gt;&lt;/Diff&gt;</Value>
            </Column>
            <Column Name="ObjectKey" Display="&lt;Key&gt;&lt;T&gt;JobRunParameter&lt;/T&gt;&lt;P&gt;CCC-C77D2575BD44E042B59D089E2B10CD87&lt;/P&gt;&lt;P&gt;QBM-0429826E6D0545D7B594831C35D81401&lt;/P&gt;&lt;/Key&gt;">
               <Value>&lt;Key&gt;&lt;T&gt;JobRunParameter&lt;/T&gt;&lt;P&gt;CCC-C77D2575BD44E042B59D089E2B10CD87&lt;/P&gt;&lt;P&gt;QBM-0429826E6D0545D7B594831C35D81401&lt;/P&gt;&lt;/Key&gt;</Value>
            </Column>
            <Column Name="SortOrder" Display="3209943072505861">
               <Value>3209943072505861</Value>
            </Column>
            <Column Name="UID_DialogTag" Display="CCC-CA94A7DB55F8A840B5FCF8CFE3C86DF5">
               <Key>
                  <Table Name="DialogTag" Display="CEF_Process_Orchestration" Key="CCC-CA94A7DB55F8A840B5FCF8CFE3C86DF5">
                     <Prop Name="UID_DialogTag">
                        <Value>CCC-CA94A7DB55F8A840B5FCF8CFE3C86DF5</Value>
                     </Prop>
                  </Table>
               </Key>
            </Column>
            <Column Name="UID_QBMTaggedChange" Display="CCC-CCFE6765FE828C468BFDB98E59DCE3D1">
               <Value>CCC-CCFE6765FE828C468BFDB98E59DCE3D1</Value>
            </Column>
            <Column Name="XObjectKey" Display="&lt;Key&gt;&lt;T&gt;QBMTaggedChange&lt;/T&gt;&lt;P&gt;CCC-CCFE6765FE828C468BFDB98E59DCE3D1&lt;/P&gt;&lt;/Key&gt;">
               <Value>&lt;Key&gt;&lt;T&gt;QBMTaggedChange&lt;/T&gt;&lt;P&gt;CCC-CCFE6765FE828C468BFDB98E59DCE3D1&lt;/P&gt;&lt;/Key&gt;</Value>
            </Column>
            <Column Name="XTouched">
               <Value />
            </Column>
         </Columns>
      </DbObject>
      <DbObject Display="CCC-CA94A7DB55F8A840B5FCF8CFE3C86DF5 - &lt;Key&gt;&lt;T&gt;JobRunParameter&lt;/T&gt;&lt;P&gt;CCC-C77D2575BD44E042B59D089E2B10CD87&lt;/P&gt;&lt;P&gt;QBM-1A165B6F408F49D9827DCE31AE451E62&lt;/P&gt;&lt;/Key&gt;" Version="2">
         <Key>
            <Table Name="QBMTaggedChange" Display="CCC-CA94A7DB55F8A840B5FCF8CFE3C86DF5 - &lt;Key&gt;&lt;T&gt;JobRunParameter&lt;/T&gt;&lt;P&gt;CCC-C77D2575BD44E042B59D089E2B10CD87&lt;/P&gt;&lt;P&gt;QBM-1A165B6F408F49D9827DCE31AE451E62&lt;/P&gt;&lt;/Key&gt;" Key="CCC-6B25F91F176B804EBB2F0C4E004C5585">
               <Prop Name="UID_QBMTaggedChange">
                  <Value>CCC-6B25F91F176B804EBB2F0C4E004C5585</Value>
               </Prop>
            </Table>
         </Key>
         <Columns>
            <Column Name="ChangeContent" Display="&lt;Diff&gt;&lt;Data State=&quot;PermissionBased&quot; /&gt;&lt;Op Columnname=&quot;Name&quot; Type=&quot;Value&quot; ValType=&quot;String&quot; AlreadyApplied=&quot;True&quot;&gt;&lt;OldValue /&gt;&lt;Value&gt;WhereClause&lt;/Value&gt;&lt;/Op&gt;&lt;Op Columnname=&quot;UID_Job&quot; Type=&quot;Value&quot; ValType=&quot;String&quot; AlreadyApplied=&quot;True&quot;&gt;&lt;OldValue /&gt;&lt;Value&gt;CCC-C77D2575BD44E042B59D089E2B10CD87&lt;/Value&gt;&lt;/Op&gt;&lt;Op Columnname=&quot;UID_JobParameter&quot; Type=&quot;Value&quot; ValType=&quot;String&quot; AlreadyApplied=&quot;True&quot;&gt;&lt;OldValue /&gt;&lt;Value&gt;QBM-1A165B6F408F49D9827DCE31AE451E62&lt;/Value&gt;&lt;/Op&gt;&lt;Op Columnname=&quot;ValueTemplate&quot; Type=&quot;Value&quot; ValType=&quot;String&quot; AlreadyApplied=&quot;True&quot;&gt;&lt;OldValue /&gt;&lt;Value&gt;Value = &quot;ccc_messagesent = 'True' and &#xD;&#xA;CCC_DateTimeSent &amp;lt; DATEADD(day, -30, GETDATE())&quot;&lt;/Value&gt;&lt;/Op&gt;&lt;/Diff&gt;">
               <Value>&lt;Diff&gt;&lt;Data State="PermissionBased" /&gt;&lt;Op Columnname="Name" Type="Value" ValType="String" AlreadyApplied="True"&gt;&lt;OldValue /&gt;&lt;Value&gt;WhereClause&lt;/Value&gt;&lt;/Op&gt;&lt;Op Columnname="UID_Job" Type="Value" ValType="String" AlreadyApplied="True"&gt;&lt;OldValue /&gt;&lt;Value&gt;CCC-C77D2575BD44E042B59D089E2B10CD87&lt;/Value&gt;&lt;/Op&gt;&lt;Op Columnname="UID_JobParameter" Type="Value" ValType="String" AlreadyApplied="True"&gt;&lt;OldValue /&gt;&lt;Value&gt;QBM-1A165B6F408F49D9827DCE31AE451E62&lt;/Value&gt;&lt;/Op&gt;&lt;Op Columnname="ValueTemplate" Type="Value" ValType="String" AlreadyApplied="True"&gt;&lt;OldValue /&gt;&lt;Value&gt;Value = "ccc_messagesent = 'True' and 
CCC_DateTimeSent &amp;lt; DATEADD(day, -30, GETDATE())"&lt;/Value&gt;&lt;/Op&gt;&lt;/Diff&gt;</Value>
            </Column>
            <Column Name="ObjectKey" Display="&lt;Key&gt;&lt;T&gt;JobRunParameter&lt;/T&gt;&lt;P&gt;CCC-C77D2575BD44E042B59D089E2B10CD87&lt;/P&gt;&lt;P&gt;QBM-1A165B6F408F49D9827DCE31AE451E62&lt;/P&gt;&lt;/Key&gt;">
               <Value>&lt;Key&gt;&lt;T&gt;JobRunParameter&lt;/T&gt;&lt;P&gt;CCC-C77D2575BD44E042B59D089E2B10CD87&lt;/P&gt;&lt;P&gt;QBM-1A165B6F408F49D9827DCE31AE451E62&lt;/P&gt;&lt;/Key&gt;</Value>
            </Column>
            <Column Name="SortOrder" Display="3209943072702472">
               <Value>3209943072702472</Value>
            </Column>
            <Column Name="UID_DialogTag" Display="CCC-CA94A7DB55F8A840B5FCF8CFE3C86DF5">
               <Key>
                  <Table Name="DialogTag" Display="CEF_Process_Orchestration" Key="CCC-CA94A7DB55F8A840B5FCF8CFE3C86DF5">
                     <Prop Name="UID_DialogTag">
                        <Value>CCC-CA94A7DB55F8A840B5FCF8CFE3C86DF5</Value>
                     </Prop>
                  </Table>
               </Key>
            </Column>
            <Column Name="UID_QBMTaggedChange" Display="CCC-6B25F91F176B804EBB2F0C4E004C5585">
               <Value>CCC-6B25F91F176B804EBB2F0C4E004C5585</Value>
            </Column>
            <Column Name="XObjectKey" Display="&lt;Key&gt;&lt;T&gt;QBMTaggedChange&lt;/T&gt;&lt;P&gt;CCC-6B25F91F176B804EBB2F0C4E004C5585&lt;/P&gt;&lt;/Key&gt;">
               <Value>&lt;Key&gt;&lt;T&gt;QBMTaggedChange&lt;/T&gt;&lt;P&gt;CCC-6B25F91F176B804EBB2F0C4E004C5585&lt;/P&gt;&lt;/Key&gt;</Value>
            </Column>
            <Column Name="XTouched">
               <Value />
            </Column>
         </Columns>
      </DbObject>
      <DbObject Display="CCC-CA94A7DB55F8A840B5FCF8CFE3C86DF5 - &lt;Key&gt;&lt;T&gt;JobRunParameter&lt;/T&gt;&lt;P&gt;CCC-C77D2575BD44E042B59D089E2B10CD87&lt;/P&gt;&lt;P&gt;QBM-1A165B6F408F49D9827DCE31AE451E62&lt;/P&gt;&lt;/Key&gt;" Version="2">
         <Key>
            <Table Name="QBMTaggedChange" Display="CCC-CA94A7DB55F8A840B5FCF8CFE3C86DF5 - &lt;Key&gt;&lt;T&gt;JobRunParameter&lt;/T&gt;&lt;P&gt;CCC-C77D2575BD44E042B59D089E2B10CD87&lt;/P&gt;&lt;P&gt;QBM-1A165B6F408F49D9827DCE31AE451E62&lt;/P&gt;&lt;/Key&gt;" Key="CCC-AD7A6CEADB27A84198D893344DEDFFC0">
               <Prop Name="UID_QBMTaggedChange">
                  <Value>CCC-AD7A6CEADB27A84198D893344DEDFFC0</Value>
               </Prop>
            </Table>
         </Key>
         <Columns>
            <Column Name="ChangeContent" Display="&lt;Diff&gt;&lt;Data State=&quot;Loaded, PermissionBased&quot; /&gt;&lt;Op Columnname=&quot;ValueTemplate&quot; Type=&quot;Value&quot; ValType=&quot;String&quot; AlreadyApplied=&quot;True&quot;&gt;&lt;OldValue&gt;Value = &quot;ccc_messagesent = 'True' and &#xD;&#xA;CCC_DateTimeSent &amp;lt; DATEADD(day, -30, GETDATE())&quot;&lt;/OldValue&gt;&lt;Value&gt;Value = &quot;ccc_messagesent = 'True' and &quot; &amp;amp; _&#xD;&#xA;&quot;CCC_DateTimeSent &amp;lt; DATEADD(day, -&quot; &amp;amp; _ &#xD;&#xA;Connection.GetConfigParm(&quot;Custom\Syslog\RetentionDays&quot;) &amp;amp; &quot;, GETDATE())&quot;&lt;/Value&gt;&lt;/Op&gt;&lt;/Diff&gt;">
               <Value>&lt;Diff&gt;&lt;Data State="Loaded, PermissionBased" /&gt;&lt;Op Columnname="ValueTemplate" Type="Value" ValType="String" AlreadyApplied="True"&gt;&lt;OldValue&gt;Value = "ccc_messagesent = 'True' and 
CCC_DateTimeSent &amp;lt; DATEADD(day, -30, GETDATE())"&lt;/OldValue&gt;&lt;Value&gt;Value = "ccc_messagesent = 'True' and " &amp;amp; _
"CCC_DateTimeSent &amp;lt; DATEADD(day, -" &amp;amp; _ 
Connection.GetConfigParm("Custom\Syslog\RetentionDays") &amp;amp; ", GETDATE())"&lt;/Value&gt;&lt;/Op&gt;&lt;/Diff&gt;</Value>
            </Column>
            <Column Name="ObjectKey" Display="&lt;Key&gt;&lt;T&gt;JobRunParameter&lt;/T&gt;&lt;P&gt;CCC-C77D2575BD44E042B59D089E2B10CD87&lt;/P&gt;&lt;P&gt;QBM-1A165B6F408F49D9827DCE31AE451E62&lt;/P&gt;&lt;/Key&gt;">
               <Value>&lt;Key&gt;&lt;T&gt;JobRunParameter&lt;/T&gt;&lt;P&gt;CCC-C77D2575BD44E042B59D089E2B10CD87&lt;/P&gt;&lt;P&gt;QBM-1A165B6F408F49D9827DCE31AE451E62&lt;/P&gt;&lt;/Key&gt;</Value>
            </Column>
            <Column Name="SortOrder" Display="3210235561836558">
               <Value>3210235561836558</Value>
            </Column>
            <Column Name="UID_DialogTag" Display="CCC-CA94A7DB55F8A840B5FCF8CFE3C86DF5">
               <Key>
                  <Table Name="DialogTag" Display="CEF_Process_Orchestration" Key="CCC-CA94A7DB55F8A840B5FCF8CFE3C86DF5">
                     <Prop Name="UID_DialogTag">
                        <Value>CCC-CA94A7DB55F8A840B5FCF8CFE3C86DF5</Value>
                     </Prop>
                  </Table>
               </Key>
            </Column>
            <Column Name="UID_QBMTaggedChange" Display="CCC-AD7A6CEADB27A84198D893344DEDFFC0">
               <Value>CCC-AD7A6CEADB27A84198D893344DEDFFC0</Value>
            </Column>
            <Column Name="XObjectKey" Display="&lt;Key&gt;&lt;T&gt;QBMTaggedChange&lt;/T&gt;&lt;P&gt;CCC-AD7A6CEADB27A84198D893344DEDFFC0&lt;/P&gt;&lt;/Key&gt;">
               <Value>&lt;Key&gt;&lt;T&gt;QBMTaggedChange&lt;/T&gt;&lt;P&gt;CCC-AD7A6CEADB27A84198D893344DEDFFC0&lt;/P&gt;&lt;/Key&gt;</Value>
            </Column>
            <Column Name="XTouched">
               <Value />
            </Column>
         </Columns>
      </DbObject>
      <DbObject Display="CCC-CA94A7DB55F8A840B5FCF8CFE3C86DF5 - &lt;Key&gt;&lt;T&gt;JobRunParameter&lt;/T&gt;&lt;P&gt;CCC-C77D2575BD44E042B59D089E2B10CD87&lt;/P&gt;&lt;P&gt;QBM-58BA1DA501BB46359385DF05B17F9A78&lt;/P&gt;&lt;/Key&gt;" Version="2">
         <Key>
            <Table Name="QBMTaggedChange" Display="CCC-CA94A7DB55F8A840B5FCF8CFE3C86DF5 - &lt;Key&gt;&lt;T&gt;JobRunParameter&lt;/T&gt;&lt;P&gt;CCC-C77D2575BD44E042B59D089E2B10CD87&lt;/P&gt;&lt;P&gt;QBM-58BA1DA501BB46359385DF05B17F9A78&lt;/P&gt;&lt;/Key&gt;" Key="CCC-E71CBECEDE195D47A985906AA5E08D7A">
               <Prop Name="UID_QBMTaggedChange">
                  <Value>CCC-E71CBECEDE195D47A985906AA5E08D7A</Value>
               </Prop>
            </Table>
         </Key>
         <Columns>
            <Column Name="ChangeContent" Display="&lt;Diff&gt;&lt;Data State=&quot;PermissionBased&quot; /&gt;&lt;Op Columnname=&quot;Name&quot; Type=&quot;Value&quot; ValType=&quot;String&quot; AlreadyApplied=&quot;True&quot;&gt;&lt;OldValue /&gt;&lt;Value&gt;ObjectType&lt;/Value&gt;&lt;/Op&gt;&lt;Op Columnname=&quot;UID_Job&quot; Type=&quot;Value&quot; ValType=&quot;String&quot; AlreadyApplied=&quot;True&quot;&gt;&lt;OldValue /&gt;&lt;Value&gt;CCC-C77D2575BD44E042B59D089E2B10CD87&lt;/Value&gt;&lt;/Op&gt;&lt;Op Columnname=&quot;UID_JobParameter&quot; Type=&quot;Value&quot; ValType=&quot;String&quot; AlreadyApplied=&quot;True&quot;&gt;&lt;OldValue /&gt;&lt;Value&gt;QBM-58BA1DA501BB46359385DF05B17F9A78&lt;/Value&gt;&lt;/Op&gt;&lt;Op Columnname=&quot;ValueTemplate&quot; Type=&quot;Value&quot; ValType=&quot;String&quot; AlreadyApplied=&quot;True&quot;&gt;&lt;OldValue /&gt;&lt;Value&gt;Value = &quot;CCC_CEFMessages&quot;&lt;/Value&gt;&lt;/Op&gt;&lt;/Diff&gt;">
               <Value>&lt;Diff&gt;&lt;Data State="PermissionBased" /&gt;&lt;Op Columnname="Name" Type="Value" ValType="String" AlreadyApplied="True"&gt;&lt;OldValue /&gt;&lt;Value&gt;ObjectType&lt;/Value&gt;&lt;/Op&gt;&lt;Op Columnname="UID_Job" Type="Value" ValType="String" AlreadyApplied="True"&gt;&lt;OldValue /&gt;&lt;Value&gt;CCC-C77D2575BD44E042B59D089E2B10CD87&lt;/Value&gt;&lt;/Op&gt;&lt;Op Columnname="UID_JobParameter" Type="Value" ValType="String" AlreadyApplied="True"&gt;&lt;OldValue /&gt;&lt;Value&gt;QBM-58BA1DA501BB46359385DF05B17F9A78&lt;/Value&gt;&lt;/Op&gt;&lt;Op Columnname="ValueTemplate" Type="Value" ValType="String" AlreadyApplied="True"&gt;&lt;OldValue /&gt;&lt;Value&gt;Value = "CCC_CEFMessages"&lt;/Value&gt;&lt;/Op&gt;&lt;/Diff&gt;</Value>
            </Column>
            <Column Name="ObjectKey" Display="&lt;Key&gt;&lt;T&gt;JobRunParameter&lt;/T&gt;&lt;P&gt;CCC-C77D2575BD44E042B59D089E2B10CD87&lt;/P&gt;&lt;P&gt;QBM-58BA1DA501BB46359385DF05B17F9A78&lt;/P&gt;&lt;/Key&gt;">
               <Value>&lt;Key&gt;&lt;T&gt;JobRunParameter&lt;/T&gt;&lt;P&gt;CCC-C77D2575BD44E042B59D089E2B10CD87&lt;/P&gt;&lt;P&gt;QBM-58BA1DA501BB46359385DF05B17F9A78&lt;/P&gt;&lt;/Key&gt;</Value>
            </Column>
            <Column Name="SortOrder" Display="3209943072702471">
               <Value>3209943072702471</Value>
            </Column>
            <Column Name="UID_DialogTag" Display="CCC-CA94A7DB55F8A840B5FCF8CFE3C86DF5">
               <Key>
                  <Table Name="DialogTag" Display="CEF_Process_Orchestration" Key="CCC-CA94A7DB55F8A840B5FCF8CFE3C86DF5">
                     <Prop Name="UID_DialogTag">
                        <Value>CCC-CA94A7DB55F8A840B5FCF8CFE3C86DF5</Value>
                     </Prop>
                  </Table>
               </Key>
            </Column>
            <Column Name="UID_QBMTaggedChange" Display="CCC-E71CBECEDE195D47A985906AA5E08D7A">
               <Value>CCC-E71CBECEDE195D47A985906AA5E08D7A</Value>
            </Column>
            <Column Name="XObjectKey" Display="&lt;Key&gt;&lt;T&gt;QBMTaggedChange&lt;/T&gt;&lt;P&gt;CCC-E71CBECEDE195D47A985906AA5E08D7A&lt;/P&gt;&lt;/Key&gt;">
               <Value>&lt;Key&gt;&lt;T&gt;QBMTaggedChange&lt;/T&gt;&lt;P&gt;CCC-E71CBECEDE195D47A985906AA5E08D7A&lt;/P&gt;&lt;/Key&gt;</Value>
            </Column>
            <Column Name="XTouched">
               <Value />
            </Column>
         </Columns>
      </DbObject>
      <DbObject Display="CCC-CA94A7DB55F8A840B5FCF8CFE3C86DF5 - &lt;Key&gt;&lt;T&gt;JobRunParameter&lt;/T&gt;&lt;P&gt;CCC-C77D2575BD44E042B59D089E2B10CD87&lt;/P&gt;&lt;P&gt;QBM-EB81EB464D794B138C8C8129DFCBBF41&lt;/P&gt;&lt;/Key&gt;" Version="2">
         <Key>
            <Table Name="QBMTaggedChange" Display="CCC-CA94A7DB55F8A840B5FCF8CFE3C86DF5 - &lt;Key&gt;&lt;T&gt;JobRunParameter&lt;/T&gt;&lt;P&gt;CCC-C77D2575BD44E042B59D089E2B10CD87&lt;/P&gt;&lt;P&gt;QBM-EB81EB464D794B138C8C8129DFCBBF41&lt;/P&gt;&lt;/Key&gt;" Key="CCC-0C65C9D6B474A74DB0094CED3344E83C">
               <Prop Name="UID_QBMTaggedChange">
                  <Value>CCC-0C65C9D6B474A74DB0094CED3344E83C</Value>
               </Prop>
            </Table>
         </Key>
         <Columns>
            <Column Name="ChangeContent" Display="&lt;Diff&gt;&lt;Data State=&quot;PermissionBased&quot; /&gt;&lt;Op Columnname=&quot;Name&quot; Type=&quot;Value&quot; ValType=&quot;String&quot; AlreadyApplied=&quot;True&quot;&gt;&lt;OldValue /&gt;&lt;Value&gt;AuthenticationString&lt;/Value&gt;&lt;/Op&gt;&lt;Op Columnname=&quot;UID_Job&quot; Type=&quot;Value&quot; ValType=&quot;String&quot; AlreadyApplied=&quot;True&quot;&gt;&lt;OldValue /&gt;&lt;Value&gt;CCC-C77D2575BD44E042B59D089E2B10CD87&lt;/Value&gt;&lt;/Op&gt;&lt;Op Columnname=&quot;UID_JobParameter&quot; Type=&quot;Value&quot; ValType=&quot;String&quot; AlreadyApplied=&quot;True&quot;&gt;&lt;OldValue /&gt;&lt;Value&gt;QBM-EB81EB464D794B138C8C8129DFCBBF41&lt;/Value&gt;&lt;/Op&gt;&lt;Op Columnname=&quot;ValueTemplate&quot; Type=&quot;Value&quot; ValType=&quot;String&quot; AlreadyApplied=&quot;True&quot;&gt;&lt;OldValue /&gt;&lt;Value&gt;Value = ConnectionInfo.AuthString&lt;/Value&gt;&lt;/Op&gt;&lt;/Diff&gt;">
               <Value>&lt;Diff&gt;&lt;Data State="PermissionBased" /&gt;&lt;Op Columnname="Name" Type="Value" ValType="String" AlreadyApplied="True"&gt;&lt;OldValue /&gt;&lt;Value&gt;AuthenticationString&lt;/Value&gt;&lt;/Op&gt;&lt;Op Columnname="UID_Job" Type="Value" ValType="String" AlreadyApplied="True"&gt;&lt;OldValue /&gt;&lt;Value&gt;CCC-C77D2575BD44E042B59D089E2B10CD87&lt;/Value&gt;&lt;/Op&gt;&lt;Op Columnname="UID_JobParameter" Type="Value" ValType="String" AlreadyApplied="True"&gt;&lt;OldValue /&gt;&lt;Value&gt;QBM-EB81EB464D794B138C8C8129DFCBBF41&lt;/Value&gt;&lt;/Op&gt;&lt;Op Columnname="ValueTemplate" Type="Value" ValType="String" AlreadyApplied="True"&gt;&lt;OldValue /&gt;&lt;Value&gt;Value = ConnectionInfo.AuthString&lt;/Value&gt;&lt;/Op&gt;&lt;/Diff&gt;</Value>
            </Column>
            <Column Name="ObjectKey" Display="&lt;Key&gt;&lt;T&gt;JobRunParameter&lt;/T&gt;&lt;P&gt;CCC-C77D2575BD44E042B59D089E2B10CD87&lt;/P&gt;&lt;P&gt;QBM-EB81EB464D794B138C8C8129DFCBBF41&lt;/P&gt;&lt;/Key&gt;">
               <Value>&lt;Key&gt;&lt;T&gt;JobRunParameter&lt;/T&gt;&lt;P&gt;CCC-C77D2575BD44E042B59D089E2B10CD87&lt;/P&gt;&lt;P&gt;QBM-EB81EB464D794B138C8C8129DFCBBF41&lt;/P&gt;&lt;/Key&gt;</Value>
            </Column>
            <Column Name="SortOrder" Display="3209943072505860">
               <Value>3209943072505860</Value>
            </Column>
            <Column Name="UID_DialogTag" Display="CCC-CA94A7DB55F8A840B5FCF8CFE3C86DF5">
               <Key>
                  <Table Name="DialogTag" Display="CEF_Process_Orchestration" Key="CCC-CA94A7DB55F8A840B5FCF8CFE3C86DF5">
                     <Prop Name="UID_DialogTag">
                        <Value>CCC-CA94A7DB55F8A840B5FCF8CFE3C86DF5</Value>
                     </Prop>
                  </Table>
               </Key>
            </Column>
            <Column Name="UID_QBMTaggedChange" Display="CCC-0C65C9D6B474A74DB0094CED3344E83C">
               <Value>CCC-0C65C9D6B474A74DB0094CED3344E83C</Value>
            </Column>
            <Column Name="XObjectKey" Display="&lt;Key&gt;&lt;T&gt;QBMTaggedChange&lt;/T&gt;&lt;P&gt;CCC-0C65C9D6B474A74DB0094CED3344E83C&lt;/P&gt;&lt;/Key&gt;">
               <Value>&lt;Key&gt;&lt;T&gt;QBMTaggedChange&lt;/T&gt;&lt;P&gt;CCC-0C65C9D6B474A74DB0094CED3344E83C&lt;/P&gt;&lt;/Key&gt;</Value>
            </Column>
            <Column Name="XTouched">
               <Value />
            </Column>
         </Columns>
      </DbObject>
      <DbObject Display="CCC-CA94A7DB55F8A840B5FCF8CFE3C86DF5 - &lt;Key&gt;&lt;T&gt;JobRunParameter&lt;/T&gt;&lt;P&gt;CCC-C77D2575BD44E042B59D089E2B10CD87&lt;/P&gt;&lt;P&gt;QBM-FE85194CFBCC4AB5BD34019FB4A66E98&lt;/P&gt;&lt;/Key&gt;" Version="2">
         <Key>
            <Table Name="QBMTaggedChange" Display="CCC-CA94A7DB55F8A840B5FCF8CFE3C86DF5 - &lt;Key&gt;&lt;T&gt;JobRunParameter&lt;/T&gt;&lt;P&gt;CCC-C77D2575BD44E042B59D089E2B10CD87&lt;/P&gt;&lt;P&gt;QBM-FE85194CFBCC4AB5BD34019FB4A66E98&lt;/P&gt;&lt;/Key&gt;" Key="CCC-B3C716E6A486F64B88C6EEB8BEE37565">
               <Prop Name="UID_QBMTaggedChange">
                  <Value>CCC-B3C716E6A486F64B88C6EEB8BEE37565</Value>
               </Prop>
            </Table>
         </Key>
         <Columns>
            <Column Name="ChangeContent" Display="&lt;Diff&gt;&lt;Data State=&quot;PermissionBased&quot; /&gt;&lt;Op Columnname=&quot;Name&quot; Type=&quot;Value&quot; ValType=&quot;String&quot; AlreadyApplied=&quot;True&quot;&gt;&lt;OldValue /&gt;&lt;Value&gt;ConnectionString&lt;/Value&gt;&lt;/Op&gt;&lt;Op Columnname=&quot;UID_Job&quot; Type=&quot;Value&quot; ValType=&quot;String&quot; AlreadyApplied=&quot;True&quot;&gt;&lt;OldValue /&gt;&lt;Value&gt;CCC-C77D2575BD44E042B59D089E2B10CD87&lt;/Value&gt;&lt;/Op&gt;&lt;Op Columnname=&quot;UID_JobParameter&quot; Type=&quot;Value&quot; ValType=&quot;String&quot; AlreadyApplied=&quot;True&quot;&gt;&lt;OldValue /&gt;&lt;Value&gt;QBM-FE85194CFBCC4AB5BD34019FB4A66E98&lt;/Value&gt;&lt;/Op&gt;&lt;Op Columnname=&quot;ValueTemplate&quot; Type=&quot;Value&quot; ValType=&quot;String&quot; AlreadyApplied=&quot;True&quot;&gt;&lt;OldValue /&gt;&lt;Value&gt;Value = ConnectionInfo.ConnectionString&lt;/Value&gt;&lt;/Op&gt;&lt;/Diff&gt;">
               <Value>&lt;Diff&gt;&lt;Data State="PermissionBased" /&gt;&lt;Op Columnname="Name" Type="Value" ValType="String" AlreadyApplied="True"&gt;&lt;OldValue /&gt;&lt;Value&gt;ConnectionString&lt;/Value&gt;&lt;/Op&gt;&lt;Op Columnname="UID_Job" Type="Value" ValType="String" AlreadyApplied="True"&gt;&lt;OldValue /&gt;&lt;Value&gt;CCC-C77D2575BD44E042B59D089E2B10CD87&lt;/Value&gt;&lt;/Op&gt;&lt;Op Columnname="UID_JobParameter" Type="Value" ValType="String" AlreadyApplied="True"&gt;&lt;OldValue /&gt;&lt;Value&gt;QBM-FE85194CFBCC4AB5BD34019FB4A66E98&lt;/Value&gt;&lt;/Op&gt;&lt;Op Columnname="ValueTemplate" Type="Value" ValType="String" AlreadyApplied="True"&gt;&lt;OldValue /&gt;&lt;Value&gt;Value = ConnectionInfo.ConnectionString&lt;/Value&gt;&lt;/Op&gt;&lt;/Diff&gt;</Value>
            </Column>
            <Column Name="ObjectKey" Display="&lt;Key&gt;&lt;T&gt;JobRunParameter&lt;/T&gt;&lt;P&gt;CCC-C77D2575BD44E042B59D089E2B10CD87&lt;/P&gt;&lt;P&gt;QBM-FE85194CFBCC4AB5BD34019FB4A66E98&lt;/P&gt;&lt;/Key&gt;">
               <Value>&lt;Key&gt;&lt;T&gt;JobRunParameter&lt;/T&gt;&lt;P&gt;CCC-C77D2575BD44E042B59D089E2B10CD87&lt;/P&gt;&lt;P&gt;QBM-FE85194CFBCC4AB5BD34019FB4A66E98&lt;/P&gt;&lt;/Key&gt;</Value>
            </Column>
            <Column Name="SortOrder" Display="3209943072702470">
               <Value>3209943072702470</Value>
            </Column>
            <Column Name="UID_DialogTag" Display="CCC-CA94A7DB55F8A840B5FCF8CFE3C86DF5">
               <Key>
                  <Table Name="DialogTag" Display="CEF_Process_Orchestration" Key="CCC-CA94A7DB55F8A840B5FCF8CFE3C86DF5">
                     <Prop Name="UID_DialogTag">
                        <Value>CCC-CA94A7DB55F8A840B5FCF8CFE3C86DF5</Value>
                     </Prop>
                  </Table>
               </Key>
            </Column>
            <Column Name="UID_QBMTaggedChange" Display="CCC-B3C716E6A486F64B88C6EEB8BEE37565">
               <Value>CCC-B3C716E6A486F64B88C6EEB8BEE37565</Value>
            </Column>
            <Column Name="XObjectKey" Display="&lt;Key&gt;&lt;T&gt;QBMTaggedChange&lt;/T&gt;&lt;P&gt;CCC-B3C716E6A486F64B88C6EEB8BEE37565&lt;/P&gt;&lt;/Key&gt;">
               <Value>&lt;Key&gt;&lt;T&gt;QBMTaggedChange&lt;/T&gt;&lt;P&gt;CCC-B3C716E6A486F64B88C6EEB8BEE37565&lt;/P&gt;&lt;/Key&gt;</Value>
            </Column>
            <Column Name="XTouched">
               <Value />
            </Column>
         </Columns>
      </DbObject>
      <DbObject Display="CCC-CA94A7DB55F8A840B5FCF8CFE3C86DF5 - &lt;Key&gt;&lt;T&gt;QBMEvent&lt;/T&gt;&lt;P&gt;CCC-03C520FDBC0A7041A39AE74B45602502&lt;/P&gt;&lt;/Key&gt;" Version="2">
         <Key>
            <Table Name="QBMTaggedChange" Display="CCC-CA94A7DB55F8A840B5FCF8CFE3C86DF5 - &lt;Key&gt;&lt;T&gt;QBMEvent&lt;/T&gt;&lt;P&gt;CCC-03C520FDBC0A7041A39AE74B45602502&lt;/P&gt;&lt;/Key&gt;" Key="CCC-4FA7F0B7EB34CD42A68A7AB2C3BB8FF1">
               <Prop Name="UID_QBMTaggedChange">
                  <Value>CCC-4FA7F0B7EB34CD42A68A7AB2C3BB8FF1</Value>
               </Prop>
            </Table>
         </Key>
         <Columns>
            <Column Name="ChangeContent" Display="&lt;Diff&gt;&lt;Data State=&quot;PermissionBased&quot; /&gt;&lt;Op Columnname=&quot;EventName&quot; Type=&quot;Value&quot; ValType=&quot;String&quot; AlreadyApplied=&quot;True&quot;&gt;&lt;OldValue /&gt;&lt;Value&gt;SENDLOGS&lt;/Value&gt;&lt;/Op&gt;&lt;Op Columnname=&quot;UID_DialogTable&quot; Type=&quot;Value&quot; ValType=&quot;String&quot; AlreadyApplied=&quot;True&quot;&gt;&lt;OldValue /&gt;&lt;Value&gt;CCC-T-CCCCEFMessages&lt;/Value&gt;&lt;/Op&gt;&lt;Op Columnname=&quot;UID_QBMEvent&quot; Type=&quot;Value&quot; ValType=&quot;String&quot; AlreadyApplied=&quot;True&quot;&gt;&lt;OldValue /&gt;&lt;Value&gt;CCC-03C520FDBC0A7041A39AE74B45602502&lt;/Value&gt;&lt;/Op&gt;&lt;/Diff&gt;">
               <Value>&lt;Diff&gt;&lt;Data State="PermissionBased" /&gt;&lt;Op Columnname="EventName" Type="Value" ValType="String" AlreadyApplied="True"&gt;&lt;OldValue /&gt;&lt;Value&gt;SENDLOGS&lt;/Value&gt;&lt;/Op&gt;&lt;Op Columnname="UID_DialogTable" Type="Value" ValType="String" AlreadyApplied="True"&gt;&lt;OldValue /&gt;&lt;Value&gt;CCC-T-CCCCEFMessages&lt;/Value&gt;&lt;/Op&gt;&lt;Op Columnname="UID_QBMEvent" Type="Value" ValType="String" AlreadyApplied="True"&gt;&lt;OldValue /&gt;&lt;Value&gt;CCC-03C520FDBC0A7041A39AE74B45602502&lt;/Value&gt;&lt;/Op&gt;&lt;/Diff&gt;</Value>
            </Column>
            <Column Name="ObjectKey" Display="&lt;Key&gt;&lt;T&gt;QBMEvent&lt;/T&gt;&lt;P&gt;CCC-03C520FDBC0A7041A39AE74B45602502&lt;/P&gt;&lt;/Key&gt;">
               <Value>&lt;Key&gt;&lt;T&gt;QBMEvent&lt;/T&gt;&lt;P&gt;CCC-03C520FDBC0A7041A39AE74B45602502&lt;/P&gt;&lt;/Key&gt;</Value>
            </Column>
            <Column Name="SortOrder" Display="3209812617003009">
               <Value>3209812617003009</Value>
            </Column>
            <Column Name="UID_DialogTag" Display="CCC-CA94A7DB55F8A840B5FCF8CFE3C86DF5">
               <Key>
                  <Table Name="DialogTag" Display="CEF_Process_Orchestration" Key="CCC-CA94A7DB55F8A840B5FCF8CFE3C86DF5">
                     <Prop Name="UID_DialogTag">
                        <Value>CCC-CA94A7DB55F8A840B5FCF8CFE3C86DF5</Value>
                     </Prop>
                  </Table>
               </Key>
            </Column>
            <Column Name="UID_QBMTaggedChange" Display="CCC-4FA7F0B7EB34CD42A68A7AB2C3BB8FF1">
               <Value>CCC-4FA7F0B7EB34CD42A68A7AB2C3BB8FF1</Value>
            </Column>
            <Column Name="XObjectKey" Display="&lt;Key&gt;&lt;T&gt;QBMTaggedChange&lt;/T&gt;&lt;P&gt;CCC-4FA7F0B7EB34CD42A68A7AB2C3BB8FF1&lt;/P&gt;&lt;/Key&gt;">
               <Value>&lt;Key&gt;&lt;T&gt;QBMTaggedChange&lt;/T&gt;&lt;P&gt;CCC-4FA7F0B7EB34CD42A68A7AB2C3BB8FF1&lt;/P&gt;&lt;/Key&gt;</Value>
            </Column>
            <Column Name="XTouched">
               <Value />
            </Column>
         </Columns>
      </DbObject>
      <DbObject Display="CCC-CA94A7DB55F8A840B5FCF8CFE3C86DF5 - &lt;Key&gt;&lt;T&gt;QBMEvent&lt;/T&gt;&lt;P&gt;CCC-5EC6373EF877104CB2680852426FF9D1&lt;/P&gt;&lt;/Key&gt;" Version="2">
         <Key>
            <Table Name="QBMTaggedChange" Display="CCC-CA94A7DB55F8A840B5FCF8CFE3C86DF5 - &lt;Key&gt;&lt;T&gt;QBMEvent&lt;/T&gt;&lt;P&gt;CCC-5EC6373EF877104CB2680852426FF9D1&lt;/P&gt;&lt;/Key&gt;" Key="CCC-8174A76B55200443BC0D37EBFD4832D4">
               <Prop Name="UID_QBMTaggedChange">
                  <Value>CCC-8174A76B55200443BC0D37EBFD4832D4</Value>
               </Prop>
            </Table>
         </Key>
         <Columns>
            <Column Name="ChangeContent" Display="&lt;Diff&gt;&lt;Data State=&quot;PermissionBased&quot; /&gt;&lt;Op Columnname=&quot;EventName&quot; Type=&quot;Value&quot; ValType=&quot;String&quot; AlreadyApplied=&quot;True&quot;&gt;&lt;OldValue /&gt;&lt;Value&gt;CLEANUPLOGS&lt;/Value&gt;&lt;/Op&gt;&lt;Op Columnname=&quot;UID_DialogTable&quot; Type=&quot;Value&quot; ValType=&quot;String&quot; AlreadyApplied=&quot;True&quot;&gt;&lt;OldValue /&gt;&lt;Value&gt;CCC-T-CCCCEFMessages&lt;/Value&gt;&lt;/Op&gt;&lt;Op Columnname=&quot;UID_QBMEvent&quot; Type=&quot;Value&quot; ValType=&quot;String&quot; AlreadyApplied=&quot;True&quot;&gt;&lt;OldValue /&gt;&lt;Value&gt;CCC-5EC6373EF877104CB2680852426FF9D1&lt;/Value&gt;&lt;/Op&gt;&lt;/Diff&gt;">
               <Value>&lt;Diff&gt;&lt;Data State="PermissionBased" /&gt;&lt;Op Columnname="EventName" Type="Value" ValType="String" AlreadyApplied="True"&gt;&lt;OldValue /&gt;&lt;Value&gt;CLEANUPLOGS&lt;/Value&gt;&lt;/Op&gt;&lt;Op Columnname="UID_DialogTable" Type="Value" ValType="String" AlreadyApplied="True"&gt;&lt;OldValue /&gt;&lt;Value&gt;CCC-T-CCCCEFMessages&lt;/Value&gt;&lt;/Op&gt;&lt;Op Columnname="UID_QBMEvent" Type="Value" ValType="String" AlreadyApplied="True"&gt;&lt;OldValue /&gt;&lt;Value&gt;CCC-5EC6373EF877104CB2680852426FF9D1&lt;/Value&gt;&lt;/Op&gt;&lt;/Diff&gt;</Value>
            </Column>
            <Column Name="ObjectKey" Display="&lt;Key&gt;&lt;T&gt;QBMEvent&lt;/T&gt;&lt;P&gt;CCC-5EC6373EF877104CB2680852426FF9D1&lt;/P&gt;&lt;/Key&gt;">
               <Value>&lt;Key&gt;&lt;T&gt;QBMEvent&lt;/T&gt;&lt;P&gt;CCC-5EC6373EF877104CB2680852426FF9D1&lt;/P&gt;&lt;/Key&gt;</Value>
            </Column>
            <Column Name="SortOrder" Display="3209943079714826">
               <Value>3209943079714826</Value>
            </Column>
            <Column Name="UID_DialogTag" Display="CCC-CA94A7DB55F8A840B5FCF8CFE3C86DF5">
               <Key>
                  <Table Name="DialogTag" Display="CEF_Process_Orchestration" Key="CCC-CA94A7DB55F8A840B5FCF8CFE3C86DF5">
                     <Prop Name="UID_DialogTag">
                        <Value>CCC-CA94A7DB55F8A840B5FCF8CFE3C86DF5</Value>
                     </Prop>
                  </Table>
               </Key>
            </Column>
            <Column Name="UID_QBMTaggedChange" Display="CCC-8174A76B55200443BC0D37EBFD4832D4">
               <Value>CCC-8174A76B55200443BC0D37EBFD4832D4</Value>
            </Column>
            <Column Name="XObjectKey" Display="&lt;Key&gt;&lt;T&gt;QBMTaggedChange&lt;/T&gt;&lt;P&gt;CCC-8174A76B55200443BC0D37EBFD4832D4&lt;/P&gt;&lt;/Key&gt;">
               <Value>&lt;Key&gt;&lt;T&gt;QBMTaggedChange&lt;/T&gt;&lt;P&gt;CCC-8174A76B55200443BC0D37EBFD4832D4&lt;/P&gt;&lt;/Key&gt;</Value>
            </Column>
            <Column Name="XTouched">
               <Value />
            </Column>
         </Columns>
      </DbObject>
   </DbObjects>
</Container>