﻿<!DOCTYPE ObjectContainer>
<Container>
   <BaseObject><Key>
  <Table Name="DialogTag" Display="CEF_Process_Automation_And_Schedule" Key="CCC-6D564C3925D01E46AEC2E2E6ABEA85C7">
    <Prop Name="UID_DialogTag">
      <Value>CCC-6D564C3925D01E46AEC2E2E6ABEA85C7</Value>
    </Prop>
  </Table>
</Key></BaseObject>
   <DeleteResiduals>true</DeleteResiduals>
   <Relations>
      <Relation Table="DialogTaggedItem" Column="UID_DialogTag" Direction="Both" />
      <Relation Table="QBMTaggedChange" Column="UID_DialogTag" Direction="Both" />
   </Relations>
   <DbObjects>
      <DbObject Display="CEF_Process_Automation_And_Schedule" Version="2">
         <Key>
            <Table Name="DialogTag" Display="CEF_Process_Automation_And_Schedule" Key="CCC-6D564C3925D01E46AEC2E2E6ABEA85C7">
               <Prop Name="UID_DialogTag">
                  <Value>CCC-6D564C3925D01E46AEC2E2E6ABEA85C7</Value>
               </Prop>
            </Table>
         </Key>
         <Columns>
            <Column Name="Commentary">
               <Value />
            </Column>
            <Column Name="CurrentState">
               <Value />
            </Column>
            <Column Name="CurrentStateRemarks">
               <Value />
            </Column>
            <Column Name="Description">
               <Value />
            </Column>
            <Column Name="Ident_DialogTag" Display="CEF_Process_Automation_And_Schedule">
               <Value>CEF_Process_Automation_And_Schedule</Value>
            </Column>
            <Column Name="IsClosed" Display="False">
               <Value>False</Value>
            </Column>
            <Column Name="SortOrder">
               <Value />
            </Column>
            <Column Name="TagType" Display="Change">
               <Value>CHANGE</Value>
            </Column>
            <Column Name="UID_DialogTag" Display="CCC-6D564C3925D01E46AEC2E2E6ABEA85C7">
               <Value>CCC-6D564C3925D01E46AEC2E2E6ABEA85C7</Value>
            </Column>
            <Column Name="UID_DialogTagParent">
               <Value />
            </Column>
            <Column Name="XObjectKey" Display="&lt;Key&gt;&lt;T&gt;DialogTag&lt;/T&gt;&lt;P&gt;CCC-6D564C3925D01E46AEC2E2E6ABEA85C7&lt;/P&gt;&lt;/Key&gt;">
               <Value>&lt;Key&gt;&lt;T&gt;DialogTag&lt;/T&gt;&lt;P&gt;CCC-6D564C3925D01E46AEC2E2E6ABEA85C7&lt;/P&gt;&lt;/Key&gt;</Value>
            </Column>
            <Column Name="XTouched">
               <Value />
            </Column>
         </Columns>
      </DbObject>
      <DbObject Display="CCC-6D564C3925D01E46AEC2E2E6ABEA85C7 - &lt;Key&gt;&lt;T&gt;DialogSchedule&lt;/T&gt;&lt;P&gt;5c32f2d3-0d59-482c-b879-b8435d3a413a&lt;/P&gt;&lt;/Key&gt;" Version="2">
         <Key>
            <Table Name="QBMTaggedChange" Display="CCC-6D564C3925D01E46AEC2E2E6ABEA85C7 - &lt;Key&gt;&lt;T&gt;DialogSchedule&lt;/T&gt;&lt;P&gt;5c32f2d3-0d59-482c-b879-b8435d3a413a&lt;/P&gt;&lt;/Key&gt;" Key="CCC-F9C8A1A35B138943A1341E9FFF4E76C0">
               <Prop Name="UID_QBMTaggedChange">
                  <Value>CCC-F9C8A1A35B138943A1341E9FFF4E76C0</Value>
               </Prop>
            </Table>
         </Key>
         <Columns>
            <Column Name="ChangeContent" Display="&lt;Diff&gt;&lt;Data State=&quot;PermissionBased&quot; /&gt;&lt;Op Columnname=&quot;EndDate&quot; Type=&quot;Value&quot; ValType=&quot;Date&quot; AlreadyApplied=&quot;True&quot;&gt;&lt;OldValue&gt;1899-12-30T00:00:00.0000000Z&lt;/OldValue&gt;&lt;Value&gt;2200-01-02T07:59:59.0000000Z&lt;/Value&gt;&lt;/Op&gt;&lt;Op Columnname=&quot;Frequency&quot; Type=&quot;Value&quot; ValType=&quot;Int&quot; AlreadyApplied=&quot;True&quot;&gt;&lt;OldValue&gt;0&lt;/OldValue&gt;&lt;Value&gt;15&lt;/Value&gt;&lt;/Op&gt;&lt;Op Columnname=&quot;FrequencyType&quot; Type=&quot;Value&quot; ValType=&quot;String&quot; AlreadyApplied=&quot;True&quot;&gt;&lt;OldValue /&gt;&lt;Value&gt;Min&lt;/Value&gt;&lt;/Op&gt;&lt;Op Columnname=&quot;Name&quot; Type=&quot;Value&quot; ValType=&quot;String&quot; AlreadyApplied=&quot;True&quot;&gt;&lt;OldValue /&gt;&lt;Value&gt;Send CEF messages&lt;/Value&gt;&lt;/Op&gt;&lt;Op Columnname=&quot;StartDate&quot; Type=&quot;Value&quot; ValType=&quot;Date&quot; AlreadyApplied=&quot;True&quot;&gt;&lt;OldValue&gt;1899-12-30T00:00:00.0000000Z&lt;/OldValue&gt;&lt;Value&gt;1899-12-30T00:00:00.0000001Z&lt;/Value&gt;&lt;/Op&gt;&lt;Op Columnname=&quot;UID_DialogSchedule&quot; Type=&quot;Value&quot; ValType=&quot;String&quot; AlreadyApplied=&quot;True&quot;&gt;&lt;OldValue /&gt;&lt;Value&gt;5c32f2d3-0d59-482c-b879-b8435d3a413a&lt;/Value&gt;&lt;/Op&gt;&lt;Op Columnname=&quot;UID_DialogTableBelongsTo&quot; Type=&quot;Value&quot; ValType=&quot;String&quot; AlreadyApplied=&quot;True&quot;&gt;&lt;OldValue /&gt;&lt;Value&gt;QBM-T-JobAutoStart&lt;/Value&gt;&lt;/Op&gt;&lt;Op Columnname=&quot;UID_DialogTimeZone&quot; Type=&quot;Value&quot; ValType=&quot;String&quot; AlreadyApplied=&quot;True&quot;&gt;&lt;OldValue /&gt;&lt;Value&gt;QBM-FF60FBBFC1C18061DF4456004F7B34D2&lt;/Value&gt;&lt;/Op&gt;&lt;/Diff&gt;">
               <Value>&lt;Diff&gt;&lt;Data State="PermissionBased" /&gt;&lt;Op Columnname="EndDate" Type="Value" ValType="Date" AlreadyApplied="True"&gt;&lt;OldValue&gt;1899-12-30T00:00:00.0000000Z&lt;/OldValue&gt;&lt;Value&gt;2200-01-02T07:59:59.0000000Z&lt;/Value&gt;&lt;/Op&gt;&lt;Op Columnname="Frequency" Type="Value" ValType="Int" AlreadyApplied="True"&gt;&lt;OldValue&gt;0&lt;/OldValue&gt;&lt;Value&gt;15&lt;/Value&gt;&lt;/Op&gt;&lt;Op Columnname="FrequencyType" Type="Value" ValType="String" AlreadyApplied="True"&gt;&lt;OldValue /&gt;&lt;Value&gt;Min&lt;/Value&gt;&lt;/Op&gt;&lt;Op Columnname="Name" Type="Value" ValType="String" AlreadyApplied="True"&gt;&lt;OldValue /&gt;&lt;Value&gt;Send CEF messages&lt;/Value&gt;&lt;/Op&gt;&lt;Op Columnname="StartDate" Type="Value" ValType="Date" AlreadyApplied="True"&gt;&lt;OldValue&gt;1899-12-30T00:00:00.0000000Z&lt;/OldValue&gt;&lt;Value&gt;1899-12-30T00:00:00.0000001Z&lt;/Value&gt;&lt;/Op&gt;&lt;Op Columnname="UID_DialogSchedule" Type="Value" ValType="String" AlreadyApplied="True"&gt;&lt;OldValue /&gt;&lt;Value&gt;5c32f2d3-0d59-482c-b879-b8435d3a413a&lt;/Value&gt;&lt;/Op&gt;&lt;Op Columnname="UID_DialogTableBelongsTo" Type="Value" ValType="String" AlreadyApplied="True"&gt;&lt;OldValue /&gt;&lt;Value&gt;QBM-T-JobAutoStart&lt;/Value&gt;&lt;/Op&gt;&lt;Op Columnname="UID_DialogTimeZone" Type="Value" ValType="String" AlreadyApplied="True"&gt;&lt;OldValue /&gt;&lt;Value&gt;QBM-FF60FBBFC1C18061DF4456004F7B34D2&lt;/Value&gt;&lt;/Op&gt;&lt;/Diff&gt;</Value>
            </Column>
            <Column Name="ObjectKey" Display="&lt;Key&gt;&lt;T&gt;DialogSchedule&lt;/T&gt;&lt;P&gt;5c32f2d3-0d59-482c-b879-b8435d3a413a&lt;/P&gt;&lt;/Key&gt;">
               <Value>&lt;Key&gt;&lt;T&gt;DialogSchedule&lt;/T&gt;&lt;P&gt;5c32f2d3-0d59-482c-b879-b8435d3a413a&lt;/P&gt;&lt;/Key&gt;</Value>
            </Column>
            <Column Name="SortOrder" Display="3209812627292171">
               <Value>3209812627292171</Value>
            </Column>
            <Column Name="UID_DialogTag" Display="CCC-6D564C3925D01E46AEC2E2E6ABEA85C7">
               <Key>
                  <Table Name="DialogTag" Display="CEF_Process_Automation_And_Schedule" Key="CCC-6D564C3925D01E46AEC2E2E6ABEA85C7">
                     <Prop Name="UID_DialogTag">
                        <Value>CCC-6D564C3925D01E46AEC2E2E6ABEA85C7</Value>
                     </Prop>
                  </Table>
               </Key>
            </Column>
            <Column Name="UID_QBMTaggedChange" Display="CCC-F9C8A1A35B138943A1341E9FFF4E76C0">
               <Value>CCC-F9C8A1A35B138943A1341E9FFF4E76C0</Value>
            </Column>
            <Column Name="XObjectKey" Display="&lt;Key&gt;&lt;T&gt;QBMTaggedChange&lt;/T&gt;&lt;P&gt;CCC-F9C8A1A35B138943A1341E9FFF4E76C0&lt;/P&gt;&lt;/Key&gt;">
               <Value>&lt;Key&gt;&lt;T&gt;QBMTaggedChange&lt;/T&gt;&lt;P&gt;CCC-F9C8A1A35B138943A1341E9FFF4E76C0&lt;/P&gt;&lt;/Key&gt;</Value>
            </Column>
            <Column Name="XTouched">
               <Value />
            </Column>
         </Columns>
      </DbObject>
      <DbObject Display="CCC-6D564C3925D01E46AEC2E2E6ABEA85C7 - &lt;Key&gt;&lt;T&gt;DialogSchedule&lt;/T&gt;&lt;P&gt;e832ecd7-6d64-4194-9f73-3a95af1ec6a3&lt;/P&gt;&lt;/Key&gt;" Version="2">
         <Key>
            <Table Name="QBMTaggedChange" Display="CCC-6D564C3925D01E46AEC2E2E6ABEA85C7 - &lt;Key&gt;&lt;T&gt;DialogSchedule&lt;/T&gt;&lt;P&gt;e832ecd7-6d64-4194-9f73-3a95af1ec6a3&lt;/P&gt;&lt;/Key&gt;" Key="CCC-41F24AC4FE53E04DA50DCDBAE797A22F">
               <Prop Name="UID_QBMTaggedChange">
                  <Value>CCC-41F24AC4FE53E04DA50DCDBAE797A22F</Value>
               </Prop>
            </Table>
         </Key>
         <Columns>
            <Column Name="ChangeContent" Display="&lt;Diff&gt;&lt;Data State=&quot;PermissionBased&quot; /&gt;&lt;Op Columnname=&quot;EndDate&quot; Type=&quot;Value&quot; ValType=&quot;Date&quot; AlreadyApplied=&quot;True&quot;&gt;&lt;OldValue&gt;1899-12-30T00:00:00.0000000Z&lt;/OldValue&gt;&lt;Value&gt;2200-01-02T07:59:59.0000000Z&lt;/Value&gt;&lt;/Op&gt;&lt;Op Columnname=&quot;FrequencyType&quot; Type=&quot;Value&quot; ValType=&quot;String&quot; AlreadyApplied=&quot;True&quot;&gt;&lt;OldValue /&gt;&lt;Value&gt;Day&lt;/Value&gt;&lt;/Op&gt;&lt;Op Columnname=&quot;Name&quot; Type=&quot;Value&quot; ValType=&quot;String&quot; AlreadyApplied=&quot;True&quot;&gt;&lt;OldValue /&gt;&lt;Value&gt;Daily cleanup of old CEF messages&lt;/Value&gt;&lt;/Op&gt;&lt;Op Columnname=&quot;StartDate&quot; Type=&quot;Value&quot; ValType=&quot;Date&quot; AlreadyApplied=&quot;True&quot;&gt;&lt;OldValue&gt;1899-12-30T00:00:00.0000000Z&lt;/OldValue&gt;&lt;Value&gt;1899-12-30T00:00:00.0000001Z&lt;/Value&gt;&lt;/Op&gt;&lt;Op Columnname=&quot;StartTime&quot; Type=&quot;Value&quot; ValType=&quot;String&quot; AlreadyApplied=&quot;True&quot;&gt;&lt;OldValue /&gt;&lt;Value&gt;00:00&amp;#x7;01:00&lt;/Value&gt;&lt;/Op&gt;&lt;Op Columnname=&quot;UID_DialogSchedule&quot; Type=&quot;Value&quot; ValType=&quot;String&quot; AlreadyApplied=&quot;True&quot;&gt;&lt;OldValue /&gt;&lt;Value&gt;e832ecd7-6d64-4194-9f73-3a95af1ec6a3&lt;/Value&gt;&lt;/Op&gt;&lt;Op Columnname=&quot;UID_DialogTableBelongsTo&quot; Type=&quot;Value&quot; ValType=&quot;String&quot; AlreadyApplied=&quot;True&quot;&gt;&lt;OldValue /&gt;&lt;Value&gt;QBM-T-JobAutoStart&lt;/Value&gt;&lt;/Op&gt;&lt;Op Columnname=&quot;UID_DialogTimeZone&quot; Type=&quot;Value&quot; ValType=&quot;String&quot; AlreadyApplied=&quot;True&quot;&gt;&lt;OldValue /&gt;&lt;Value&gt;QBM-FF60FBBFC1C18061DF4456004F7B34D2&lt;/Value&gt;&lt;/Op&gt;&lt;/Diff&gt;">
               <Value>&lt;Diff&gt;&lt;Data State="PermissionBased" /&gt;&lt;Op Columnname="EndDate" Type="Value" ValType="Date" AlreadyApplied="True"&gt;&lt;OldValue&gt;1899-12-30T00:00:00.0000000Z&lt;/OldValue&gt;&lt;Value&gt;2200-01-02T07:59:59.0000000Z&lt;/Value&gt;&lt;/Op&gt;&lt;Op Columnname="FrequencyType" Type="Value" ValType="String" AlreadyApplied="True"&gt;&lt;OldValue /&gt;&lt;Value&gt;Day&lt;/Value&gt;&lt;/Op&gt;&lt;Op Columnname="Name" Type="Value" ValType="String" AlreadyApplied="True"&gt;&lt;OldValue /&gt;&lt;Value&gt;Daily cleanup of old CEF messages&lt;/Value&gt;&lt;/Op&gt;&lt;Op Columnname="StartDate" Type="Value" ValType="Date" AlreadyApplied="True"&gt;&lt;OldValue&gt;1899-12-30T00:00:00.0000000Z&lt;/OldValue&gt;&lt;Value&gt;1899-12-30T00:00:00.0000001Z&lt;/Value&gt;&lt;/Op&gt;&lt;Op Columnname="StartTime" Type="Value" ValType="String" AlreadyApplied="True"&gt;&lt;OldValue /&gt;&lt;Value&gt;00:00&amp;#x7;01:00&lt;/Value&gt;&lt;/Op&gt;&lt;Op Columnname="UID_DialogSchedule" Type="Value" ValType="String" AlreadyApplied="True"&gt;&lt;OldValue /&gt;&lt;Value&gt;e832ecd7-6d64-4194-9f73-3a95af1ec6a3&lt;/Value&gt;&lt;/Op&gt;&lt;Op Columnname="UID_DialogTableBelongsTo" Type="Value" ValType="String" AlreadyApplied="True"&gt;&lt;OldValue /&gt;&lt;Value&gt;QBM-T-JobAutoStart&lt;/Value&gt;&lt;/Op&gt;&lt;Op Columnname="UID_DialogTimeZone" Type="Value" ValType="String" AlreadyApplied="True"&gt;&lt;OldValue /&gt;&lt;Value&gt;QBM-FF60FBBFC1C18061DF4456004F7B34D2&lt;/Value&gt;&lt;/Op&gt;&lt;/Diff&gt;</Value>
            </Column>
            <Column Name="ObjectKey" Display="&lt;Key&gt;&lt;T&gt;DialogSchedule&lt;/T&gt;&lt;P&gt;e832ecd7-6d64-4194-9f73-3a95af1ec6a3&lt;/P&gt;&lt;/Key&gt;">
               <Value>&lt;Key&gt;&lt;T&gt;DialogSchedule&lt;/T&gt;&lt;P&gt;e832ecd7-6d64-4194-9f73-3a95af1ec6a3&lt;/P&gt;&lt;/Key&gt;</Value>
            </Column>
            <Column Name="SortOrder" Display="3210241674182671">
               <Value>3210241674182671</Value>
            </Column>
            <Column Name="UID_DialogTag" Display="CCC-6D564C3925D01E46AEC2E2E6ABEA85C7">
               <Key>
                  <Table Name="DialogTag" Display="CEF_Process_Automation_And_Schedule" Key="CCC-6D564C3925D01E46AEC2E2E6ABEA85C7">
                     <Prop Name="UID_DialogTag">
                        <Value>CCC-6D564C3925D01E46AEC2E2E6ABEA85C7</Value>
                     </Prop>
                  </Table>
               </Key>
            </Column>
            <Column Name="UID_QBMTaggedChange" Display="CCC-41F24AC4FE53E04DA50DCDBAE797A22F">
               <Value>CCC-41F24AC4FE53E04DA50DCDBAE797A22F</Value>
            </Column>
            <Column Name="XObjectKey" Display="&lt;Key&gt;&lt;T&gt;QBMTaggedChange&lt;/T&gt;&lt;P&gt;CCC-41F24AC4FE53E04DA50DCDBAE797A22F&lt;/P&gt;&lt;/Key&gt;">
               <Value>&lt;Key&gt;&lt;T&gt;QBMTaggedChange&lt;/T&gt;&lt;P&gt;CCC-41F24AC4FE53E04DA50DCDBAE797A22F&lt;/P&gt;&lt;/Key&gt;</Value>
            </Column>
            <Column Name="XTouched">
               <Value />
            </Column>
         </Columns>
      </DbObject>
      <DbObject Display="CCC-6D564C3925D01E46AEC2E2E6ABEA85C7 - &lt;Key&gt;&lt;T&gt;JobAutoStart&lt;/T&gt;&lt;P&gt;a6b74619-0648-4db3-af60-a09b430d89c8&lt;/P&gt;&lt;/Key&gt;" Version="2">
         <Key>
            <Table Name="QBMTaggedChange" Display="CCC-6D564C3925D01E46AEC2E2E6ABEA85C7 - &lt;Key&gt;&lt;T&gt;JobAutoStart&lt;/T&gt;&lt;P&gt;a6b74619-0648-4db3-af60-a09b430d89c8&lt;/P&gt;&lt;/Key&gt;" Key="CCC-962BBCEBAAD3CD4B8DE6859FC0B806E6">
               <Prop Name="UID_QBMTaggedChange">
                  <Value>CCC-962BBCEBAAD3CD4B8DE6859FC0B806E6</Value>
               </Prop>
            </Table>
         </Key>
         <Columns>
            <Column Name="ChangeContent" Display="&lt;Diff&gt;&lt;Data State=&quot;Loaded, PermissionBased&quot; /&gt;&lt;Op Columnname=&quot;WhereClause&quot; Type=&quot;Value&quot; ValType=&quot;String&quot; AlreadyApplied=&quot;True&quot;&gt;&lt;OldValue /&gt;&lt;Value&gt;UID_CCC_CEFMessages in (select top 1 UID_CCC_CEFMessages from CCC_CEFMessages where CCC_MessageSent = 'True')&lt;/Value&gt;&lt;/Op&gt;&lt;/Diff&gt;">
               <Value>&lt;Diff&gt;&lt;Data State="Loaded, PermissionBased" /&gt;&lt;Op Columnname="WhereClause" Type="Value" ValType="String" AlreadyApplied="True"&gt;&lt;OldValue /&gt;&lt;Value&gt;UID_CCC_CEFMessages in (select top 1 UID_CCC_CEFMessages from CCC_CEFMessages where CCC_MessageSent = 'True')&lt;/Value&gt;&lt;/Op&gt;&lt;/Diff&gt;</Value>
            </Column>
            <Column Name="ObjectKey" Display="&lt;Key&gt;&lt;T&gt;JobAutoStart&lt;/T&gt;&lt;P&gt;a6b74619-0648-4db3-af60-a09b430d89c8&lt;/P&gt;&lt;/Key&gt;">
               <Value>&lt;Key&gt;&lt;T&gt;JobAutoStart&lt;/T&gt;&lt;P&gt;a6b74619-0648-4db3-af60-a09b430d89c8&lt;/P&gt;&lt;/Key&gt;</Value>
            </Column>
            <Column Name="SortOrder" Display="3210241677459474">
               <Value>3210241677459474</Value>
            </Column>
            <Column Name="UID_DialogTag" Display="CCC-6D564C3925D01E46AEC2E2E6ABEA85C7">
               <Key>
                  <Table Name="DialogTag" Display="CEF_Process_Automation_And_Schedule" Key="CCC-6D564C3925D01E46AEC2E2E6ABEA85C7">
                     <Prop Name="UID_DialogTag">
                        <Value>CCC-6D564C3925D01E46AEC2E2E6ABEA85C7</Value>
                     </Prop>
                  </Table>
               </Key>
            </Column>
            <Column Name="UID_QBMTaggedChange" Display="CCC-962BBCEBAAD3CD4B8DE6859FC0B806E6">
               <Value>CCC-962BBCEBAAD3CD4B8DE6859FC0B806E6</Value>
            </Column>
            <Column Name="XObjectKey" Display="&lt;Key&gt;&lt;T&gt;QBMTaggedChange&lt;/T&gt;&lt;P&gt;CCC-962BBCEBAAD3CD4B8DE6859FC0B806E6&lt;/P&gt;&lt;/Key&gt;">
               <Value>&lt;Key&gt;&lt;T&gt;QBMTaggedChange&lt;/T&gt;&lt;P&gt;CCC-962BBCEBAAD3CD4B8DE6859FC0B806E6&lt;/P&gt;&lt;/Key&gt;</Value>
            </Column>
            <Column Name="XTouched">
               <Value />
            </Column>
         </Columns>
      </DbObject>
      <DbObject Display="CCC-6D564C3925D01E46AEC2E2E6ABEA85C7 - &lt;Key&gt;&lt;T&gt;JobAutoStart&lt;/T&gt;&lt;P&gt;a6b74619-0648-4db3-af60-a09b430d89c8&lt;/P&gt;&lt;/Key&gt;" Version="2">
         <Key>
            <Table Name="QBMTaggedChange" Display="CCC-6D564C3925D01E46AEC2E2E6ABEA85C7 - &lt;Key&gt;&lt;T&gt;JobAutoStart&lt;/T&gt;&lt;P&gt;a6b74619-0648-4db3-af60-a09b430d89c8&lt;/P&gt;&lt;/Key&gt;" Key="CCC-31776660C4723845AD45C61ADBF18ED7">
               <Prop Name="UID_QBMTaggedChange">
                  <Value>CCC-31776660C4723845AD45C61ADBF18ED7</Value>
               </Prop>
            </Table>
         </Key>
         <Columns>
            <Column Name="ChangeContent" Display="&lt;Diff&gt;&lt;Data State=&quot;PermissionBased&quot; /&gt;&lt;Op Columnname=&quot;Name&quot; Type=&quot;Value&quot; ValType=&quot;String&quot; AlreadyApplied=&quot;True&quot;&gt;&lt;OldValue /&gt;&lt;Value&gt;Cleanup old CEF messages&lt;/Value&gt;&lt;/Op&gt;&lt;Op Columnname=&quot;UID_DialogSchedule&quot; Type=&quot;Value&quot; ValType=&quot;String&quot; AlreadyApplied=&quot;True&quot;&gt;&lt;OldValue /&gt;&lt;Value&gt;e832ecd7-6d64-4194-9f73-3a95af1ec6a3&lt;/Value&gt;&lt;/Op&gt;&lt;Op Columnname=&quot;UID_JobAutoStart&quot; Type=&quot;Value&quot; ValType=&quot;String&quot; AlreadyApplied=&quot;True&quot;&gt;&lt;OldValue /&gt;&lt;Value&gt;a6b74619-0648-4db3-af60-a09b430d89c8&lt;/Value&gt;&lt;/Op&gt;&lt;Op Columnname=&quot;UID_QBMEvent&quot; Type=&quot;Value&quot; ValType=&quot;String&quot; AlreadyApplied=&quot;True&quot;&gt;&lt;OldValue /&gt;&lt;Value&gt;CCC-5EC6373EF877104CB2680852426FF9D1&lt;/Value&gt;&lt;/Op&gt;&lt;/Diff&gt;">
               <Value>&lt;Diff&gt;&lt;Data State="PermissionBased" /&gt;&lt;Op Columnname="Name" Type="Value" ValType="String" AlreadyApplied="True"&gt;&lt;OldValue /&gt;&lt;Value&gt;Cleanup old CEF messages&lt;/Value&gt;&lt;/Op&gt;&lt;Op Columnname="UID_DialogSchedule" Type="Value" ValType="String" AlreadyApplied="True"&gt;&lt;OldValue /&gt;&lt;Value&gt;e832ecd7-6d64-4194-9f73-3a95af1ec6a3&lt;/Value&gt;&lt;/Op&gt;&lt;Op Columnname="UID_JobAutoStart" Type="Value" ValType="String" AlreadyApplied="True"&gt;&lt;OldValue /&gt;&lt;Value&gt;a6b74619-0648-4db3-af60-a09b430d89c8&lt;/Value&gt;&lt;/Op&gt;&lt;Op Columnname="UID_QBMEvent" Type="Value" ValType="String" AlreadyApplied="True"&gt;&lt;OldValue /&gt;&lt;Value&gt;CCC-5EC6373EF877104CB2680852426FF9D1&lt;/Value&gt;&lt;/Op&gt;&lt;/Diff&gt;</Value>
            </Column>
            <Column Name="ObjectKey" Display="&lt;Key&gt;&lt;T&gt;JobAutoStart&lt;/T&gt;&lt;P&gt;a6b74619-0648-4db3-af60-a09b430d89c8&lt;/P&gt;&lt;/Key&gt;">
               <Value>&lt;Key&gt;&lt;T&gt;JobAutoStart&lt;/T&gt;&lt;P&gt;a6b74619-0648-4db3-af60-a09b430d89c8&lt;/P&gt;&lt;/Key&gt;</Value>
            </Column>
            <Column Name="SortOrder" Display="3210241674444816">
               <Value>3210241674444816</Value>
            </Column>
            <Column Name="UID_DialogTag" Display="CCC-6D564C3925D01E46AEC2E2E6ABEA85C7">
               <Key>
                  <Table Name="DialogTag" Display="CEF_Process_Automation_And_Schedule" Key="CCC-6D564C3925D01E46AEC2E2E6ABEA85C7">
                     <Prop Name="UID_DialogTag">
                        <Value>CCC-6D564C3925D01E46AEC2E2E6ABEA85C7</Value>
                     </Prop>
                  </Table>
               </Key>
            </Column>
            <Column Name="UID_QBMTaggedChange" Display="CCC-31776660C4723845AD45C61ADBF18ED7">
               <Value>CCC-31776660C4723845AD45C61ADBF18ED7</Value>
            </Column>
            <Column Name="XObjectKey" Display="&lt;Key&gt;&lt;T&gt;QBMTaggedChange&lt;/T&gt;&lt;P&gt;CCC-31776660C4723845AD45C61ADBF18ED7&lt;/P&gt;&lt;/Key&gt;">
               <Value>&lt;Key&gt;&lt;T&gt;QBMTaggedChange&lt;/T&gt;&lt;P&gt;CCC-31776660C4723845AD45C61ADBF18ED7&lt;/P&gt;&lt;/Key&gt;</Value>
            </Column>
            <Column Name="XTouched">
               <Value />
            </Column>
         </Columns>
      </DbObject>
      <DbObject Display="CCC-6D564C3925D01E46AEC2E2E6ABEA85C7 - &lt;Key&gt;&lt;T&gt;JobAutoStart&lt;/T&gt;&lt;P&gt;feee4adc-98e6-4f70-a678-88e5692aa19b&lt;/P&gt;&lt;/Key&gt;" Version="2">
         <Key>
            <Table Name="QBMTaggedChange" Display="CCC-6D564C3925D01E46AEC2E2E6ABEA85C7 - &lt;Key&gt;&lt;T&gt;JobAutoStart&lt;/T&gt;&lt;P&gt;feee4adc-98e6-4f70-a678-88e5692aa19b&lt;/P&gt;&lt;/Key&gt;" Key="CCC-BE0790FAE971E946B37703EC5B2CF10B">
               <Prop Name="UID_QBMTaggedChange">
                  <Value>CCC-BE0790FAE971E946B37703EC5B2CF10B</Value>
               </Prop>
            </Table>
         </Key>
         <Columns>
            <Column Name="ChangeContent" Display="&lt;Diff&gt;&lt;Data State=&quot;Loaded, PermissionBased&quot; /&gt;&lt;Op Columnname=&quot;WhereClause&quot; Type=&quot;Value&quot; ValType=&quot;String&quot; AlreadyApplied=&quot;True&quot;&gt;&lt;OldValue&gt;UID_CCC_CEFMessages in (select top 1 UID_CCC_CEFMessages from CCC_CEFMessages)&lt;/OldValue&gt;&lt;Value&gt;UID_CCC_CEFMessages in (select top 1 UID_CCC_CEFMessages from CCC_CEFMessages where CCC_MessageSent = 'False')&lt;/Value&gt;&lt;/Op&gt;&lt;/Diff&gt;">
               <Value>&lt;Diff&gt;&lt;Data State="Loaded, PermissionBased" /&gt;&lt;Op Columnname="WhereClause" Type="Value" ValType="String" AlreadyApplied="True"&gt;&lt;OldValue&gt;UID_CCC_CEFMessages in (select top 1 UID_CCC_CEFMessages from CCC_CEFMessages)&lt;/OldValue&gt;&lt;Value&gt;UID_CCC_CEFMessages in (select top 1 UID_CCC_CEFMessages from CCC_CEFMessages where CCC_MessageSent = 'False')&lt;/Value&gt;&lt;/Op&gt;&lt;/Diff&gt;</Value>
            </Column>
            <Column Name="ObjectKey" Display="&lt;Key&gt;&lt;T&gt;JobAutoStart&lt;/T&gt;&lt;P&gt;feee4adc-98e6-4f70-a678-88e5692aa19b&lt;/P&gt;&lt;/Key&gt;">
               <Value>&lt;Key&gt;&lt;T&gt;JobAutoStart&lt;/T&gt;&lt;P&gt;feee4adc-98e6-4f70-a678-88e5692aa19b&lt;/P&gt;&lt;/Key&gt;</Value>
            </Column>
            <Column Name="SortOrder" Display="3210241677590547">
               <Value>3210241677590547</Value>
            </Column>
            <Column Name="UID_DialogTag" Display="CCC-6D564C3925D01E46AEC2E2E6ABEA85C7">
               <Key>
                  <Table Name="DialogTag" Display="CEF_Process_Automation_And_Schedule" Key="CCC-6D564C3925D01E46AEC2E2E6ABEA85C7">
                     <Prop Name="UID_DialogTag">
                        <Value>CCC-6D564C3925D01E46AEC2E2E6ABEA85C7</Value>
                     </Prop>
                  </Table>
               </Key>
            </Column>
            <Column Name="UID_QBMTaggedChange" Display="CCC-BE0790FAE971E946B37703EC5B2CF10B">
               <Value>CCC-BE0790FAE971E946B37703EC5B2CF10B</Value>
            </Column>
            <Column Name="XObjectKey" Display="&lt;Key&gt;&lt;T&gt;QBMTaggedChange&lt;/T&gt;&lt;P&gt;CCC-BE0790FAE971E946B37703EC5B2CF10B&lt;/P&gt;&lt;/Key&gt;">
               <Value>&lt;Key&gt;&lt;T&gt;QBMTaggedChange&lt;/T&gt;&lt;P&gt;CCC-BE0790FAE971E946B37703EC5B2CF10B&lt;/P&gt;&lt;/Key&gt;</Value>
            </Column>
            <Column Name="XTouched">
               <Value />
            </Column>
         </Columns>
      </DbObject>
      <DbObject Display="CCC-6D564C3925D01E46AEC2E2E6ABEA85C7 - &lt;Key&gt;&lt;T&gt;JobAutoStart&lt;/T&gt;&lt;P&gt;feee4adc-98e6-4f70-a678-88e5692aa19b&lt;/P&gt;&lt;/Key&gt;" Version="2">
         <Key>
            <Table Name="QBMTaggedChange" Display="CCC-6D564C3925D01E46AEC2E2E6ABEA85C7 - &lt;Key&gt;&lt;T&gt;JobAutoStart&lt;/T&gt;&lt;P&gt;feee4adc-98e6-4f70-a678-88e5692aa19b&lt;/P&gt;&lt;/Key&gt;" Key="CCC-F005D759111B0B4FB93F2AD7FFB6184A">
               <Prop Name="UID_QBMTaggedChange">
                  <Value>CCC-F005D759111B0B4FB93F2AD7FFB6184A</Value>
               </Prop>
            </Table>
         </Key>
         <Columns>
            <Column Name="ChangeContent" Display="&lt;Diff&gt;&lt;Data State=&quot;Loaded, PermissionBased&quot; /&gt;&lt;Op Columnname=&quot;WhereClause&quot; Type=&quot;Value&quot; ValType=&quot;String&quot; AlreadyApplied=&quot;True&quot;&gt;&lt;OldValue /&gt;&lt;Value&gt;UID_CCC_CEFMessages in (select top 1 UID_CCC_CEFMessages from CCC_CEFMessages)&lt;/Value&gt;&lt;/Op&gt;&lt;/Diff&gt;">
               <Value>&lt;Diff&gt;&lt;Data State="Loaded, PermissionBased" /&gt;&lt;Op Columnname="WhereClause" Type="Value" ValType="String" AlreadyApplied="True"&gt;&lt;OldValue /&gt;&lt;Value&gt;UID_CCC_CEFMessages in (select top 1 UID_CCC_CEFMessages from CCC_CEFMessages)&lt;/Value&gt;&lt;/Op&gt;&lt;/Diff&gt;</Value>
            </Column>
            <Column Name="ObjectKey" Display="&lt;Key&gt;&lt;T&gt;JobAutoStart&lt;/T&gt;&lt;P&gt;feee4adc-98e6-4f70-a678-88e5692aa19b&lt;/P&gt;&lt;/Key&gt;">
               <Value>&lt;Key&gt;&lt;T&gt;JobAutoStart&lt;/T&gt;&lt;P&gt;feee4adc-98e6-4f70-a678-88e5692aa19b&lt;/P&gt;&lt;/Key&gt;</Value>
            </Column>
            <Column Name="SortOrder" Display="3210241676804113">
               <Value>3210241676804113</Value>
            </Column>
            <Column Name="UID_DialogTag" Display="CCC-6D564C3925D01E46AEC2E2E6ABEA85C7">
               <Key>
                  <Table Name="DialogTag" Display="CEF_Process_Automation_And_Schedule" Key="CCC-6D564C3925D01E46AEC2E2E6ABEA85C7">
                     <Prop Name="UID_DialogTag">
                        <Value>CCC-6D564C3925D01E46AEC2E2E6ABEA85C7</Value>
                     </Prop>
                  </Table>
               </Key>
            </Column>
            <Column Name="UID_QBMTaggedChange" Display="CCC-F005D759111B0B4FB93F2AD7FFB6184A">
               <Value>CCC-F005D759111B0B4FB93F2AD7FFB6184A</Value>
            </Column>
            <Column Name="XObjectKey" Display="&lt;Key&gt;&lt;T&gt;QBMTaggedChange&lt;/T&gt;&lt;P&gt;CCC-F005D759111B0B4FB93F2AD7FFB6184A&lt;/P&gt;&lt;/Key&gt;">
               <Value>&lt;Key&gt;&lt;T&gt;QBMTaggedChange&lt;/T&gt;&lt;P&gt;CCC-F005D759111B0B4FB93F2AD7FFB6184A&lt;/P&gt;&lt;/Key&gt;</Value>
            </Column>
            <Column Name="XTouched">
               <Value />
            </Column>
         </Columns>
      </DbObject>
      <DbObject Display="CCC-6D564C3925D01E46AEC2E2E6ABEA85C7 - &lt;Key&gt;&lt;T&gt;JobAutoStart&lt;/T&gt;&lt;P&gt;feee4adc-98e6-4f70-a678-88e5692aa19b&lt;/P&gt;&lt;/Key&gt;" Version="2">
         <Key>
            <Table Name="QBMTaggedChange" Display="CCC-6D564C3925D01E46AEC2E2E6ABEA85C7 - &lt;Key&gt;&lt;T&gt;JobAutoStart&lt;/T&gt;&lt;P&gt;feee4adc-98e6-4f70-a678-88e5692aa19b&lt;/P&gt;&lt;/Key&gt;" Key="CCC-95A11A4B9A90764B8316F8A156F2228F">
               <Prop Name="UID_QBMTaggedChange">
                  <Value>CCC-95A11A4B9A90764B8316F8A156F2228F</Value>
               </Prop>
            </Table>
         </Key>
         <Columns>
            <Column Name="ChangeContent" Display="&lt;Diff&gt;&lt;Data State=&quot;PermissionBased&quot; /&gt;&lt;Op Columnname=&quot;Name&quot; Type=&quot;Value&quot; ValType=&quot;String&quot; AlreadyApplied=&quot;True&quot;&gt;&lt;OldValue /&gt;&lt;Value&gt;Send CEF messages&lt;/Value&gt;&lt;/Op&gt;&lt;Op Columnname=&quot;UID_DialogSchedule&quot; Type=&quot;Value&quot; ValType=&quot;String&quot; AlreadyApplied=&quot;True&quot;&gt;&lt;OldValue /&gt;&lt;Value&gt;5c32f2d3-0d59-482c-b879-b8435d3a413a&lt;/Value&gt;&lt;/Op&gt;&lt;Op Columnname=&quot;UID_JobAutoStart&quot; Type=&quot;Value&quot; ValType=&quot;String&quot; AlreadyApplied=&quot;True&quot;&gt;&lt;OldValue /&gt;&lt;Value&gt;feee4adc-98e6-4f70-a678-88e5692aa19b&lt;/Value&gt;&lt;/Op&gt;&lt;Op Columnname=&quot;UID_QBMEvent&quot; Type=&quot;Value&quot; ValType=&quot;String&quot; AlreadyApplied=&quot;True&quot;&gt;&lt;OldValue /&gt;&lt;Value&gt;CCC-03C520FDBC0A7041A39AE74B45602502&lt;/Value&gt;&lt;/Op&gt;&lt;/Diff&gt;">
               <Value>&lt;Diff&gt;&lt;Data State="PermissionBased" /&gt;&lt;Op Columnname="Name" Type="Value" ValType="String" AlreadyApplied="True"&gt;&lt;OldValue /&gt;&lt;Value&gt;Send CEF messages&lt;/Value&gt;&lt;/Op&gt;&lt;Op Columnname="UID_DialogSchedule" Type="Value" ValType="String" AlreadyApplied="True"&gt;&lt;OldValue /&gt;&lt;Value&gt;5c32f2d3-0d59-482c-b879-b8435d3a413a&lt;/Value&gt;&lt;/Op&gt;&lt;Op Columnname="UID_JobAutoStart" Type="Value" ValType="String" AlreadyApplied="True"&gt;&lt;OldValue /&gt;&lt;Value&gt;feee4adc-98e6-4f70-a678-88e5692aa19b&lt;/Value&gt;&lt;/Op&gt;&lt;Op Columnname="UID_QBMEvent" Type="Value" ValType="String" AlreadyApplied="True"&gt;&lt;OldValue /&gt;&lt;Value&gt;CCC-03C520FDBC0A7041A39AE74B45602502&lt;/Value&gt;&lt;/Op&gt;&lt;/Diff&gt;</Value>
            </Column>
            <Column Name="ObjectKey" Display="&lt;Key&gt;&lt;T&gt;JobAutoStart&lt;/T&gt;&lt;P&gt;feee4adc-98e6-4f70-a678-88e5692aa19b&lt;/P&gt;&lt;/Key&gt;">
               <Value>&lt;Key&gt;&lt;T&gt;JobAutoStart&lt;/T&gt;&lt;P&gt;feee4adc-98e6-4f70-a678-88e5692aa19b&lt;/P&gt;&lt;/Key&gt;</Value>
            </Column>
            <Column Name="SortOrder" Display="3209813358542860">
               <Value>3209813358542860</Value>
            </Column>
            <Column Name="UID_DialogTag" Display="CCC-6D564C3925D01E46AEC2E2E6ABEA85C7">
               <Key>
                  <Table Name="DialogTag" Display="CEF_Process_Automation_And_Schedule" Key="CCC-6D564C3925D01E46AEC2E2E6ABEA85C7">
                     <Prop Name="UID_DialogTag">
                        <Value>CCC-6D564C3925D01E46AEC2E2E6ABEA85C7</Value>
                     </Prop>
                  </Table>
               </Key>
            </Column>
            <Column Name="UID_QBMTaggedChange" Display="CCC-95A11A4B9A90764B8316F8A156F2228F">
               <Value>CCC-95A11A4B9A90764B8316F8A156F2228F</Value>
            </Column>
            <Column Name="XObjectKey" Display="&lt;Key&gt;&lt;T&gt;QBMTaggedChange&lt;/T&gt;&lt;P&gt;CCC-95A11A4B9A90764B8316F8A156F2228F&lt;/P&gt;&lt;/Key&gt;">
               <Value>&lt;Key&gt;&lt;T&gt;QBMTaggedChange&lt;/T&gt;&lt;P&gt;CCC-95A11A4B9A90764B8316F8A156F2228F&lt;/P&gt;&lt;/Key&gt;</Value>
            </Column>
            <Column Name="XTouched">
               <Value />
            </Column>
         </Columns>
      </DbObject>
   </DbObjects>
</Container>