﻿<DbObjects><DbObject Display="CCC_CEFEventClassIDs.XUserUpdated" Version="2"><Key><Table Name="QBMCustomSQL" Display="CCC_CEFEventClassIDs.XUserUpdated" Key="CCC-174D176B5810E46CA50817D49076F915"><Prop Name="UID_QBMCustomSQL"><Value>CCC-174D176B5810E46CA50817D49076F915</Value></Prop></Table></Key><Columns><Column Name="Remarks"><Value /></Column><Column Name="ScriptCode" Display="exec QBM_PColumnAdd 'CCC_CEFEventClassIDs', 'XUserUpdated', 'nvarchar(64) collate database_default NULL'"><Value>exec QBM_PColumnAdd 'CCC_CEFEventClassIDs', 'XUserUpdated', 'nvarchar(64) collate database_default NULL'</Value></Column><Column Name="ScriptName" Display="CCC_CEFEventClassIDs.XUserUpdated"><Value>CCC_CEFEventClassIDs.XUserUpdated</Value></Column><Column Name="ScriptType" Display="Column"><Value>C</Value></Column><Column Name="SortOrder" Display="0"><Value>0</Value></Column><Column Name="UID_QBMCustomSQL" Display="CCC-174D176B5810E46CA50817D49076F915"><Value>CCC-174D176B5810E46CA50817D49076F915</Value></Column><Column Name="XDateInserted" Display="11/2/2023 10:04:56 AM"><Value>2023-11-02T17:04:56.0870000Z</Value></Column><Column Name="XDateUpdated" Display="11/2/2023 10:09:44 AM"><Value>2023-11-02T17:09:44.1270000Z</Value></Column><Column Name="XObjectKey" Display="&lt;Key&gt;&lt;T&gt;QBMCustomSQL&lt;/T&gt;&lt;P&gt;CCC-174D176B5810E46CA50817D49076F915&lt;/P&gt;&lt;/Key&gt;"><Value>&lt;Key&gt;&lt;T&gt;QBMCustomSQL&lt;/T&gt;&lt;P&gt;CCC-174D176B5810E46CA50817D49076F915&lt;/P&gt;&lt;/Key&gt;</Value></Column><Column Name="XTouched" Display="I"><Value>I</Value></Column><Column Name="XUserInserted" Display="viadmin"><Value>viadmin</Value></Column><Column Name="XUserUpdated" Display="viadmin"><Value>viadmin</Value></Column></Columns></DbObject><DbObject Display="CCC_CEFEventClassIDs.XDateInserted" Version="2"><Key><Table Name="QBMCustomSQL" Display="CCC_CEFEventClassIDs.XDateInserted" Key="CCC-1BA747CB0CA9D78A6F94E20AB0A3836C"><Prop Name="UID_QBMCustomSQL"><Value>CCC-1BA747CB0CA9D78A6F94E20AB0A3836C</Value></Prop></Table></Key><Columns><Column Name="Remarks"><Value /></Column><Column Name="ScriptCode" Display="exec QBM_PColumnAdd 'CCC_CEFEventClassIDs', 'XDateInserted', 'datetime NULL'"><Value>exec QBM_PColumnAdd 'CCC_CEFEventClassIDs', 'XDateInserted', 'datetime NULL'</Value></Column><Column Name="ScriptName" Display="CCC_CEFEventClassIDs.XDateInserted"><Value>CCC_CEFEventClassIDs.XDateInserted</Value></Column><Column Name="ScriptType" Display="Column"><Value>C</Value></Column><Column Name="SortOrder" Display="0"><Value>0</Value></Column><Column Name="UID_QBMCustomSQL" Display="CCC-1BA747CB0CA9D78A6F94E20AB0A3836C"><Value>CCC-1BA747CB0CA9D78A6F94E20AB0A3836C</Value></Column><Column Name="XDateInserted" Display="11/2/2023 10:04:56 AM"><Value>2023-11-02T17:04:56.0870000Z</Value></Column><Column Name="XDateUpdated" Display="11/2/2023 10:09:44 AM"><Value>2023-11-02T17:09:44.1270000Z</Value></Column><Column Name="XObjectKey" Display="&lt;Key&gt;&lt;T&gt;QBMCustomSQL&lt;/T&gt;&lt;P&gt;CCC-1BA747CB0CA9D78A6F94E20AB0A3836C&lt;/P&gt;&lt;/Key&gt;"><Value>&lt;Key&gt;&lt;T&gt;QBMCustomSQL&lt;/T&gt;&lt;P&gt;CCC-1BA747CB0CA9D78A6F94E20AB0A3836C&lt;/P&gt;&lt;/Key&gt;</Value></Column><Column Name="XTouched" Display="I"><Value>I</Value></Column><Column Name="XUserInserted" Display="viadmin"><Value>viadmin</Value></Column><Column Name="XUserUpdated" Display="viadmin"><Value>viadmin</Value></Column></Columns></DbObject><DbObject Display="CCC_CEFEventClassIDs.CCC_ActivityName" Version="2"><Key><Table Name="QBMCustomSQL" Display="CCC_CEFEventClassIDs.CCC_ActivityName" Key="CCC-21C6758E67F5FD304464A1065B09E8B6"><Prop Name="UID_QBMCustomSQL"><Value>CCC-21C6758E67F5FD304464A1065B09E8B6</Value></Prop></Table></Key><Columns><Column Name="Remarks"><Value /></Column><Column Name="ScriptCode" Display="exec QBM_PColumnAdd 'CCC_CEFEventClassIDs', 'CCC_ActivityName', 'nvarchar(128) collate database_default NULL'"><Value>exec QBM_PColumnAdd 'CCC_CEFEventClassIDs', 'CCC_ActivityName', 'nvarchar(128) collate database_default NULL'</Value></Column><Column Name="ScriptName" Display="CCC_CEFEventClassIDs.CCC_ActivityName"><Value>CCC_CEFEventClassIDs.CCC_ActivityName</Value></Column><Column Name="ScriptType" Display="Column"><Value>C</Value></Column><Column Name="SortOrder" Display="0"><Value>0</Value></Column><Column Name="UID_QBMCustomSQL" Display="CCC-21C6758E67F5FD304464A1065B09E8B6"><Value>CCC-21C6758E67F5FD304464A1065B09E8B6</Value></Column><Column Name="XDateInserted" Display="11/2/2023 10:04:56 AM"><Value>2023-11-02T17:04:56.0870000Z</Value></Column><Column Name="XDateUpdated" Display="11/2/2023 10:09:44 AM"><Value>2023-11-02T17:09:44.1270000Z</Value></Column><Column Name="XObjectKey" Display="&lt;Key&gt;&lt;T&gt;QBMCustomSQL&lt;/T&gt;&lt;P&gt;CCC-21C6758E67F5FD304464A1065B09E8B6&lt;/P&gt;&lt;/Key&gt;"><Value>&lt;Key&gt;&lt;T&gt;QBMCustomSQL&lt;/T&gt;&lt;P&gt;CCC-21C6758E67F5FD304464A1065B09E8B6&lt;/P&gt;&lt;/Key&gt;</Value></Column><Column Name="XTouched" Display="I"><Value>I</Value></Column><Column Name="XUserInserted" Display="viadmin"><Value>viadmin</Value></Column><Column Name="XUserUpdated" Display="viadmin"><Value>viadmin</Value></Column></Columns></DbObject><DbObject Display="CCC_CEFMessages.UID_CCC_CEFMessages" Version="2"><Key><Table Name="QBMCustomSQL" Display="CCC_CEFMessages.UID_CCC_CEFMessages" Key="CCC-340C45D389CBC92F779A27A1F16299AD"><Prop Name="UID_QBMCustomSQL"><Value>CCC-340C45D389CBC92F779A27A1F16299AD</Value></Prop></Table></Key><Columns><Column Name="Remarks"><Value /></Column><Column Name="ScriptCode" Display="exec QBM_PColumnAdd 'CCC_CEFMessages', 'UID_CCC_CEFMessages', 'varchar(38) collate database_default NOT NULL'"><Value>exec QBM_PColumnAdd 'CCC_CEFMessages', 'UID_CCC_CEFMessages', 'varchar(38) collate database_default NOT NULL'</Value></Column><Column Name="ScriptName" Display="CCC_CEFMessages.UID_CCC_CEFMessages"><Value>CCC_CEFMessages.UID_CCC_CEFMessages</Value></Column><Column Name="ScriptType" Display="Column"><Value>C</Value></Column><Column Name="SortOrder" Display="0"><Value>0</Value></Column><Column Name="UID_QBMCustomSQL" Display="CCC-340C45D389CBC92F779A27A1F16299AD"><Value>CCC-340C45D389CBC92F779A27A1F16299AD</Value></Column><Column Name="XDateInserted" Display="11/2/2023 10:09:28 AM"><Value>2023-11-02T17:09:28.8270000Z</Value></Column><Column Name="XDateUpdated" Display="11/2/2023 10:09:43 AM"><Value>2023-11-02T17:09:43.7630000Z</Value></Column><Column Name="XObjectKey" Display="&lt;Key&gt;&lt;T&gt;QBMCustomSQL&lt;/T&gt;&lt;P&gt;CCC-340C45D389CBC92F779A27A1F16299AD&lt;/P&gt;&lt;/Key&gt;"><Value>&lt;Key&gt;&lt;T&gt;QBMCustomSQL&lt;/T&gt;&lt;P&gt;CCC-340C45D389CBC92F779A27A1F16299AD&lt;/P&gt;&lt;/Key&gt;</Value></Column><Column Name="XTouched" Display="I"><Value>I</Value></Column><Column Name="XUserInserted" Display="viadmin"><Value>viadmin</Value></Column><Column Name="XUserUpdated" Display="viadmin"><Value>viadmin</Value></Column></Columns></DbObject><DbObject Display="CCC_CEFEventClassIDs.CCC_XCCCC_CEFEventClassIDs" Version="2"><Key><Table Name="QBMCustomSQL" Display="CCC_CEFEventClassIDs.CCC_XCCCC_CEFEventClassIDs" Key="CCC-381FA96158778266F65CF918EFF13D6C"><Prop Name="UID_QBMCustomSQL"><Value>CCC-381FA96158778266F65CF918EFF13D6C</Value></Prop></Table></Key><Columns><Column Name="Remarks"><Value /></Column><Column Name="ScriptCode" Display="exec QBM_PIndexCreate 'CCC_CEFEventClassIDs', 'CCC_XCCCC_CEFEventClassIDs', 1, 'XObjectKey'"><Value>exec QBM_PIndexCreate 'CCC_CEFEventClassIDs', 'CCC_XCCCC_CEFEventClassIDs', 1, 'XObjectKey'</Value></Column><Column Name="ScriptName" Display="CCC_CEFEventClassIDs.CCC_XCCCC_CEFEventClassIDs"><Value>CCC_CEFEventClassIDs.CCC_XCCCC_CEFEventClassIDs</Value></Column><Column Name="ScriptType" Display="Index"><Value>I</Value></Column><Column Name="SortOrder" Display="0"><Value>0</Value></Column><Column Name="UID_QBMCustomSQL" Display="CCC-381FA96158778266F65CF918EFF13D6C"><Value>CCC-381FA96158778266F65CF918EFF13D6C</Value></Column><Column Name="XDateInserted" Display="11/2/2023 10:04:56 AM"><Value>2023-11-02T17:04:56.0870000Z</Value></Column><Column Name="XDateUpdated" Display="11/2/2023 10:09:44 AM"><Value>2023-11-02T17:09:44.1270000Z</Value></Column><Column Name="XObjectKey" Display="&lt;Key&gt;&lt;T&gt;QBMCustomSQL&lt;/T&gt;&lt;P&gt;CCC-381FA96158778266F65CF918EFF13D6C&lt;/P&gt;&lt;/Key&gt;"><Value>&lt;Key&gt;&lt;T&gt;QBMCustomSQL&lt;/T&gt;&lt;P&gt;CCC-381FA96158778266F65CF918EFF13D6C&lt;/P&gt;&lt;/Key&gt;</Value></Column><Column Name="XTouched" Display="I"><Value>I</Value></Column><Column Name="XUserInserted" Display="viadmin"><Value>viadmin</Value></Column><Column Name="XUserUpdated" Display="viadmin"><Value>viadmin</Value></Column></Columns></DbObject><DbObject Display="CCC_CEFEventClassIDs.UID_CCC_CEFEventClassIDs" Version="2"><Key><Table Name="QBMCustomSQL" Display="CCC_CEFEventClassIDs.UID_CCC_CEFEventClassIDs" Key="CCC-3925EE9014458693E5C088FF0F9802FD"><Prop Name="UID_QBMCustomSQL"><Value>CCC-3925EE9014458693E5C088FF0F9802FD</Value></Prop></Table></Key><Columns><Column Name="Remarks"><Value /></Column><Column Name="ScriptCode" Display="exec QBM_PColumnAdd 'CCC_CEFEventClassIDs', 'UID_CCC_CEFEventClassIDs', 'varchar(38) collate database_default NOT NULL'"><Value>exec QBM_PColumnAdd 'CCC_CEFEventClassIDs', 'UID_CCC_CEFEventClassIDs', 'varchar(38) collate database_default NOT NULL'</Value></Column><Column Name="ScriptName" Display="CCC_CEFEventClassIDs.UID_CCC_CEFEventClassIDs"><Value>CCC_CEFEventClassIDs.UID_CCC_CEFEventClassIDs</Value></Column><Column Name="ScriptType" Display="Column"><Value>C</Value></Column><Column Name="SortOrder" Display="0"><Value>0</Value></Column><Column Name="UID_QBMCustomSQL" Display="CCC-3925EE9014458693E5C088FF0F9802FD"><Value>CCC-3925EE9014458693E5C088FF0F9802FD</Value></Column><Column Name="XDateInserted" Display="11/2/2023 10:04:56 AM"><Value>2023-11-02T17:04:56.0870000Z</Value></Column><Column Name="XDateUpdated" Display="11/2/2023 10:09:44 AM"><Value>2023-11-02T17:09:44.1270000Z</Value></Column><Column Name="XObjectKey" Display="&lt;Key&gt;&lt;T&gt;QBMCustomSQL&lt;/T&gt;&lt;P&gt;CCC-3925EE9014458693E5C088FF0F9802FD&lt;/P&gt;&lt;/Key&gt;"><Value>&lt;Key&gt;&lt;T&gt;QBMCustomSQL&lt;/T&gt;&lt;P&gt;CCC-3925EE9014458693E5C088FF0F9802FD&lt;/P&gt;&lt;/Key&gt;</Value></Column><Column Name="XTouched" Display="I"><Value>I</Value></Column><Column Name="XUserInserted" Display="viadmin"><Value>viadmin</Value></Column><Column Name="XUserUpdated" Display="viadmin"><Value>viadmin</Value></Column></Columns></DbObject><DbObject Display="CCC_CEFEventClassIDs" Version="2"><Key><Table Name="QBMCustomSQL" Display="CCC_CEFEventClassIDs" Key="CCC-3FA4CF9AB4E2B5B08E5B6D73127D4EAA"><Prop Name="UID_QBMCustomSQL"><Value>CCC-3FA4CF9AB4E2B5B08E5B6D73127D4EAA</Value></Prop></Table></Key><Columns><Column Name="Remarks"><Value /></Column><Column Name="ScriptCode" Display=" &#xD;&#xA; if not exists (select top 1 1 from Information_schema.tables with (readpast) where table_name = N'CCC_CEFEventClassIDs')&#xD;&#xA;  begin&#xD;&#xA;	Create Table CCC_CEFEventClassIDs(&#xD;&#xA;	  UID_CCC_CEFEventClassIDs varchar(38) collate database_default NOT NULL&#xD;&#xA;	, XDateInserted datetime NULL&#xD;&#xA;	, XDateUpdated datetime NULL&#xD;&#xA;	, XUserInserted nvarchar(64) collate database_default NULL&#xD;&#xA;	, XUserUpdated nvarchar(64) collate database_default NULL&#xD;&#xA;	, XTouched nchar(1) collate database_default NULL&#xD;&#xA;	, XObjectKey varchar(138) collate database_default NOT NULL&#xD;&#xA;	, XMarkedForDeletion int default 0 NULL&#xD;&#xA;	, CCC_ActivityName nvarchar(128) collate database_default NULL&#xD;&#xA;	, CCC_EventClassID nvarchar(64) collate database_default NULL&#xD;&#xA;	, primary key CLUSTERED (UID_CCC_CEFEventClassIDs)&#xD;&#xA;	)&#xD;&#xA;	on &quot;PRIMARY&quot;&#xD;&#xA;  end"><Value> 
 if not exists (select top 1 1 from Information_schema.tables with (readpast) where table_name = N'CCC_CEFEventClassIDs')
  begin
	Create Table CCC_CEFEventClassIDs(
	  UID_CCC_CEFEventClassIDs varchar(38) collate database_default NOT NULL
	, XDateInserted datetime NULL
	, XDateUpdated datetime NULL
	, XUserInserted nvarchar(64) collate database_default NULL
	, XUserUpdated nvarchar(64) collate database_default NULL
	, XTouched nchar(1) collate database_default NULL
	, XObjectKey varchar(138) collate database_default NOT NULL
	, XMarkedForDeletion int default 0 NULL
	, CCC_ActivityName nvarchar(128) collate database_default NULL
	, CCC_EventClassID nvarchar(64) collate database_default NULL
	, primary key CLUSTERED (UID_CCC_CEFEventClassIDs)
	)
	on "PRIMARY"
  end</Value></Column><Column Name="ScriptName" Display="CCC_CEFEventClassIDs"><Value>CCC_CEFEventClassIDs</Value></Column><Column Name="ScriptType" Display="Table"><Value>U</Value></Column><Column Name="SortOrder" Display="0"><Value>0</Value></Column><Column Name="UID_QBMCustomSQL" Display="CCC-3FA4CF9AB4E2B5B08E5B6D73127D4EAA"><Value>CCC-3FA4CF9AB4E2B5B08E5B6D73127D4EAA</Value></Column><Column Name="XDateInserted" Display="11/2/2023 10:04:56 AM"><Value>2023-11-02T17:04:56.0870000Z</Value></Column><Column Name="XDateUpdated" Display="11/2/2023 10:09:44 AM"><Value>2023-11-02T17:09:44.1270000Z</Value></Column><Column Name="XObjectKey" Display="&lt;Key&gt;&lt;T&gt;QBMCustomSQL&lt;/T&gt;&lt;P&gt;CCC-3FA4CF9AB4E2B5B08E5B6D73127D4EAA&lt;/P&gt;&lt;/Key&gt;"><Value>&lt;Key&gt;&lt;T&gt;QBMCustomSQL&lt;/T&gt;&lt;P&gt;CCC-3FA4CF9AB4E2B5B08E5B6D73127D4EAA&lt;/P&gt;&lt;/Key&gt;</Value></Column><Column Name="XTouched" Display="I"><Value>I</Value></Column><Column Name="XUserInserted" Display="viadmin"><Value>viadmin</Value></Column><Column Name="XUserUpdated" Display="viadmin"><Value>viadmin</Value></Column></Columns></DbObject><DbObject Display="CCC_CEFMessages" Version="2"><Key><Table Name="QBMCustomSQL" Display="CCC_CEFMessages" Key="CCC-452065A4A54E003BB79D86C1A3A5E58E"><Prop Name="UID_QBMCustomSQL"><Value>CCC-452065A4A54E003BB79D86C1A3A5E58E</Value></Prop></Table></Key><Columns><Column Name="Remarks"><Value /></Column><Column Name="ScriptCode" Display=" &#xD;&#xA; if not exists (select top 1 1 from Information_schema.tables with (readpast) where table_name = N'CCC_CEFMessages')&#xD;&#xA;  begin&#xD;&#xA;	Create Table CCC_CEFMessages(&#xD;&#xA;	  UID_CCC_CEFMessages varchar(38) collate database_default NOT NULL&#xD;&#xA;	, XDateInserted datetime NULL&#xD;&#xA;	, XDateUpdated datetime NULL&#xD;&#xA;	, XUserInserted nvarchar(64) collate database_default NULL&#xD;&#xA;	, XUserUpdated nvarchar(64) collate database_default NULL&#xD;&#xA;	, XTouched nchar(1) collate database_default NULL&#xD;&#xA;	, XObjectKey varchar(138) collate database_default NOT NULL&#xD;&#xA;	, XMarkedForDeletion int default 0 NULL&#xD;&#xA;	, CCC_CEFMessage nvarchar(max) collate database_default NULL&#xD;&#xA;	, CCC_DateTimeSent datetime NULL&#xD;&#xA;	, CCC_ErrorOrStatusMsg nvarchar(max) collate database_default NULL&#xD;&#xA;	, CCC_MessageSent bit default 0 NULL&#xD;&#xA;	, primary key CLUSTERED (UID_CCC_CEFMessages)&#xD;&#xA;	)&#xD;&#xA;	on &quot;PRIMARY&quot;&#xD;&#xA;  end"><Value> 
 if not exists (select top 1 1 from Information_schema.tables with (readpast) where table_name = N'CCC_CEFMessages')
  begin
	Create Table CCC_CEFMessages(
	  UID_CCC_CEFMessages varchar(38) collate database_default NOT NULL
	, XDateInserted datetime NULL
	, XDateUpdated datetime NULL
	, XUserInserted nvarchar(64) collate database_default NULL
	, XUserUpdated nvarchar(64) collate database_default NULL
	, XTouched nchar(1) collate database_default NULL
	, XObjectKey varchar(138) collate database_default NOT NULL
	, XMarkedForDeletion int default 0 NULL
	, CCC_CEFMessage nvarchar(max) collate database_default NULL
	, CCC_DateTimeSent datetime NULL
	, CCC_ErrorOrStatusMsg nvarchar(max) collate database_default NULL
	, CCC_MessageSent bit default 0 NULL
	, primary key CLUSTERED (UID_CCC_CEFMessages)
	)
	on "PRIMARY"
  end</Value></Column><Column Name="ScriptName" Display="CCC_CEFMessages"><Value>CCC_CEFMessages</Value></Column><Column Name="ScriptType" Display="Table"><Value>U</Value></Column><Column Name="SortOrder" Display="0"><Value>0</Value></Column><Column Name="UID_QBMCustomSQL" Display="CCC-452065A4A54E003BB79D86C1A3A5E58E"><Value>CCC-452065A4A54E003BB79D86C1A3A5E58E</Value></Column><Column Name="XDateInserted" Display="11/2/2023 10:09:28 AM"><Value>2023-11-02T17:09:28.8270000Z</Value></Column><Column Name="XDateUpdated" Display="11/2/2023 10:09:43 AM"><Value>2023-11-02T17:09:43.7630000Z</Value></Column><Column Name="XObjectKey" Display="&lt;Key&gt;&lt;T&gt;QBMCustomSQL&lt;/T&gt;&lt;P&gt;CCC-452065A4A54E003BB79D86C1A3A5E58E&lt;/P&gt;&lt;/Key&gt;"><Value>&lt;Key&gt;&lt;T&gt;QBMCustomSQL&lt;/T&gt;&lt;P&gt;CCC-452065A4A54E003BB79D86C1A3A5E58E&lt;/P&gt;&lt;/Key&gt;</Value></Column><Column Name="XTouched" Display="I"><Value>I</Value></Column><Column Name="XUserInserted" Display="viadmin"><Value>viadmin</Value></Column><Column Name="XUserUpdated" Display="viadmin"><Value>viadmin</Value></Column></Columns></DbObject><DbObject Display="CCC_CEFMessages.XDateUpdated" Version="2"><Key><Table Name="QBMCustomSQL" Display="CCC_CEFMessages.XDateUpdated" Key="CCC-562C06137621CC806D8B291E47B923DE"><Prop Name="UID_QBMCustomSQL"><Value>CCC-562C06137621CC806D8B291E47B923DE</Value></Prop></Table></Key><Columns><Column Name="Remarks"><Value /></Column><Column Name="ScriptCode" Display="exec QBM_PColumnAdd 'CCC_CEFMessages', 'XDateUpdated', 'datetime NULL'"><Value>exec QBM_PColumnAdd 'CCC_CEFMessages', 'XDateUpdated', 'datetime NULL'</Value></Column><Column Name="ScriptName" Display="CCC_CEFMessages.XDateUpdated"><Value>CCC_CEFMessages.XDateUpdated</Value></Column><Column Name="ScriptType" Display="Column"><Value>C</Value></Column><Column Name="SortOrder" Display="0"><Value>0</Value></Column><Column Name="UID_QBMCustomSQL" Display="CCC-562C06137621CC806D8B291E47B923DE"><Value>CCC-562C06137621CC806D8B291E47B923DE</Value></Column><Column Name="XDateInserted" Display="11/2/2023 10:09:28 AM"><Value>2023-11-02T17:09:28.8270000Z</Value></Column><Column Name="XDateUpdated" Display="11/2/2023 10:09:43 AM"><Value>2023-11-02T17:09:43.7630000Z</Value></Column><Column Name="XObjectKey" Display="&lt;Key&gt;&lt;T&gt;QBMCustomSQL&lt;/T&gt;&lt;P&gt;CCC-562C06137621CC806D8B291E47B923DE&lt;/P&gt;&lt;/Key&gt;"><Value>&lt;Key&gt;&lt;T&gt;QBMCustomSQL&lt;/T&gt;&lt;P&gt;CCC-562C06137621CC806D8B291E47B923DE&lt;/P&gt;&lt;/Key&gt;</Value></Column><Column Name="XTouched" Display="I"><Value>I</Value></Column><Column Name="XUserInserted" Display="viadmin"><Value>viadmin</Value></Column><Column Name="XUserUpdated" Display="viadmin"><Value>viadmin</Value></Column></Columns></DbObject><DbObject Display="CCC_CEFEventClassIDs.XObjectKey" Version="2"><Key><Table Name="QBMCustomSQL" Display="CCC_CEFEventClassIDs.XObjectKey" Key="CCC-57F10BAB574EE0F5E508BDFCBF86907F"><Prop Name="UID_QBMCustomSQL"><Value>CCC-57F10BAB574EE0F5E508BDFCBF86907F</Value></Prop></Table></Key><Columns><Column Name="Remarks"><Value /></Column><Column Name="ScriptCode" Display="exec QBM_PColumnAdd 'CCC_CEFEventClassIDs', 'XObjectKey', 'varchar(138) collate database_default NOT NULL'"><Value>exec QBM_PColumnAdd 'CCC_CEFEventClassIDs', 'XObjectKey', 'varchar(138) collate database_default NOT NULL'</Value></Column><Column Name="ScriptName" Display="CCC_CEFEventClassIDs.XObjectKey"><Value>CCC_CEFEventClassIDs.XObjectKey</Value></Column><Column Name="ScriptType" Display="Column"><Value>C</Value></Column><Column Name="SortOrder" Display="0"><Value>0</Value></Column><Column Name="UID_QBMCustomSQL" Display="CCC-57F10BAB574EE0F5E508BDFCBF86907F"><Value>CCC-57F10BAB574EE0F5E508BDFCBF86907F</Value></Column><Column Name="XDateInserted" Display="11/2/2023 10:04:56 AM"><Value>2023-11-02T17:04:56.0870000Z</Value></Column><Column Name="XDateUpdated" Display="11/2/2023 10:09:44 AM"><Value>2023-11-02T17:09:44.1270000Z</Value></Column><Column Name="XObjectKey" Display="&lt;Key&gt;&lt;T&gt;QBMCustomSQL&lt;/T&gt;&lt;P&gt;CCC-57F10BAB574EE0F5E508BDFCBF86907F&lt;/P&gt;&lt;/Key&gt;"><Value>&lt;Key&gt;&lt;T&gt;QBMCustomSQL&lt;/T&gt;&lt;P&gt;CCC-57F10BAB574EE0F5E508BDFCBF86907F&lt;/P&gt;&lt;/Key&gt;</Value></Column><Column Name="XTouched" Display="I"><Value>I</Value></Column><Column Name="XUserInserted" Display="viadmin"><Value>viadmin</Value></Column><Column Name="XUserUpdated" Display="viadmin"><Value>viadmin</Value></Column></Columns></DbObject><DbObject Display="CCC_CEFMessages.CCC_ErrorOrStatusMsg" Version="2"><Key><Table Name="QBMCustomSQL" Display="CCC_CEFMessages.CCC_ErrorOrStatusMsg" Key="CCC-5903BE081A477B455D1FE85BB9A67B08"><Prop Name="UID_QBMCustomSQL"><Value>CCC-5903BE081A477B455D1FE85BB9A67B08</Value></Prop></Table></Key><Columns><Column Name="Remarks"><Value /></Column><Column Name="ScriptCode" Display="exec QBM_PColumnAdd 'CCC_CEFMessages', 'CCC_ErrorOrStatusMsg', 'nvarchar(max) collate database_default NULL'"><Value>exec QBM_PColumnAdd 'CCC_CEFMessages', 'CCC_ErrorOrStatusMsg', 'nvarchar(max) collate database_default NULL'</Value></Column><Column Name="ScriptName" Display="CCC_CEFMessages.CCC_ErrorOrStatusMsg"><Value>CCC_CEFMessages.CCC_ErrorOrStatusMsg</Value></Column><Column Name="ScriptType" Display="Column"><Value>C</Value></Column><Column Name="SortOrder" Display="0"><Value>0</Value></Column><Column Name="UID_QBMCustomSQL" Display="CCC-5903BE081A477B455D1FE85BB9A67B08"><Value>CCC-5903BE081A477B455D1FE85BB9A67B08</Value></Column><Column Name="XDateInserted" Display="11/2/2023 10:09:28 AM"><Value>2023-11-02T17:09:28.8270000Z</Value></Column><Column Name="XDateUpdated" Display="11/2/2023 10:09:43 AM"><Value>2023-11-02T17:09:43.7630000Z</Value></Column><Column Name="XObjectKey" Display="&lt;Key&gt;&lt;T&gt;QBMCustomSQL&lt;/T&gt;&lt;P&gt;CCC-5903BE081A477B455D1FE85BB9A67B08&lt;/P&gt;&lt;/Key&gt;"><Value>&lt;Key&gt;&lt;T&gt;QBMCustomSQL&lt;/T&gt;&lt;P&gt;CCC-5903BE081A477B455D1FE85BB9A67B08&lt;/P&gt;&lt;/Key&gt;</Value></Column><Column Name="XTouched" Display="I"><Value>I</Value></Column><Column Name="XUserInserted" Display="viadmin"><Value>viadmin</Value></Column><Column Name="XUserUpdated" Display="viadmin"><Value>viadmin</Value></Column></Columns></DbObject><DbObject Display="CCC_CEFMessages.XMarkedForDeletion" Version="2"><Key><Table Name="QBMCustomSQL" Display="CCC_CEFMessages.XMarkedForDeletion" Key="CCC-662E67563A20B45DCF46B07BBA50774B"><Prop Name="UID_QBMCustomSQL"><Value>CCC-662E67563A20B45DCF46B07BBA50774B</Value></Prop></Table></Key><Columns><Column Name="Remarks"><Value /></Column><Column Name="ScriptCode" Display="exec QBM_PColumnAdd 'CCC_CEFMessages', 'XMarkedForDeletion', 'int default 0 NULL'"><Value>exec QBM_PColumnAdd 'CCC_CEFMessages', 'XMarkedForDeletion', 'int default 0 NULL'</Value></Column><Column Name="ScriptName" Display="CCC_CEFMessages.XMarkedForDeletion"><Value>CCC_CEFMessages.XMarkedForDeletion</Value></Column><Column Name="ScriptType" Display="Column"><Value>C</Value></Column><Column Name="SortOrder" Display="0"><Value>0</Value></Column><Column Name="UID_QBMCustomSQL" Display="CCC-662E67563A20B45DCF46B07BBA50774B"><Value>CCC-662E67563A20B45DCF46B07BBA50774B</Value></Column><Column Name="XDateInserted" Display="11/2/2023 10:09:28 AM"><Value>2023-11-02T17:09:28.8270000Z</Value></Column><Column Name="XDateUpdated" Display="11/2/2023 10:09:43 AM"><Value>2023-11-02T17:09:43.7630000Z</Value></Column><Column Name="XObjectKey" Display="&lt;Key&gt;&lt;T&gt;QBMCustomSQL&lt;/T&gt;&lt;P&gt;CCC-662E67563A20B45DCF46B07BBA50774B&lt;/P&gt;&lt;/Key&gt;"><Value>&lt;Key&gt;&lt;T&gt;QBMCustomSQL&lt;/T&gt;&lt;P&gt;CCC-662E67563A20B45DCF46B07BBA50774B&lt;/P&gt;&lt;/Key&gt;</Value></Column><Column Name="XTouched" Display="I"><Value>I</Value></Column><Column Name="XUserInserted" Display="viadmin"><Value>viadmin</Value></Column><Column Name="XUserUpdated" Display="viadmin"><Value>viadmin</Value></Column></Columns></DbObject><DbObject Display="CCC_CEFEventClassIDs.XUserInserted" Version="2"><Key><Table Name="QBMCustomSQL" Display="CCC_CEFEventClassIDs.XUserInserted" Key="CCC-71F565F5BE99E1DA62009BADF6B43EB3"><Prop Name="UID_QBMCustomSQL"><Value>CCC-71F565F5BE99E1DA62009BADF6B43EB3</Value></Prop></Table></Key><Columns><Column Name="Remarks"><Value /></Column><Column Name="ScriptCode" Display="exec QBM_PColumnAdd 'CCC_CEFEventClassIDs', 'XUserInserted', 'nvarchar(64) collate database_default NULL'"><Value>exec QBM_PColumnAdd 'CCC_CEFEventClassIDs', 'XUserInserted', 'nvarchar(64) collate database_default NULL'</Value></Column><Column Name="ScriptName" Display="CCC_CEFEventClassIDs.XUserInserted"><Value>CCC_CEFEventClassIDs.XUserInserted</Value></Column><Column Name="ScriptType" Display="Column"><Value>C</Value></Column><Column Name="SortOrder" Display="0"><Value>0</Value></Column><Column Name="UID_QBMCustomSQL" Display="CCC-71F565F5BE99E1DA62009BADF6B43EB3"><Value>CCC-71F565F5BE99E1DA62009BADF6B43EB3</Value></Column><Column Name="XDateInserted" Display="11/2/2023 10:04:56 AM"><Value>2023-11-02T17:04:56.0870000Z</Value></Column><Column Name="XDateUpdated" Display="11/2/2023 10:09:44 AM"><Value>2023-11-02T17:09:44.1270000Z</Value></Column><Column Name="XObjectKey" Display="&lt;Key&gt;&lt;T&gt;QBMCustomSQL&lt;/T&gt;&lt;P&gt;CCC-71F565F5BE99E1DA62009BADF6B43EB3&lt;/P&gt;&lt;/Key&gt;"><Value>&lt;Key&gt;&lt;T&gt;QBMCustomSQL&lt;/T&gt;&lt;P&gt;CCC-71F565F5BE99E1DA62009BADF6B43EB3&lt;/P&gt;&lt;/Key&gt;</Value></Column><Column Name="XTouched" Display="I"><Value>I</Value></Column><Column Name="XUserInserted" Display="viadmin"><Value>viadmin</Value></Column><Column Name="XUserUpdated" Display="viadmin"><Value>viadmin</Value></Column></Columns></DbObject><DbObject Display="CCC_CEFMessages.CCC_MessageSent" Version="2"><Key><Table Name="QBMCustomSQL" Display="CCC_CEFMessages.CCC_MessageSent" Key="CCC-77E6EB747BBB0DDC4EFE3B285664E168"><Prop Name="UID_QBMCustomSQL"><Value>CCC-77E6EB747BBB0DDC4EFE3B285664E168</Value></Prop></Table></Key><Columns><Column Name="Remarks"><Value /></Column><Column Name="ScriptCode" Display="exec QBM_PColumnAdd 'CCC_CEFMessages', 'CCC_MessageSent', 'bit default 0 NULL'"><Value>exec QBM_PColumnAdd 'CCC_CEFMessages', 'CCC_MessageSent', 'bit default 0 NULL'</Value></Column><Column Name="ScriptName" Display="CCC_CEFMessages.CCC_MessageSent"><Value>CCC_CEFMessages.CCC_MessageSent</Value></Column><Column Name="ScriptType" Display="Column"><Value>C</Value></Column><Column Name="SortOrder" Display="0"><Value>0</Value></Column><Column Name="UID_QBMCustomSQL" Display="CCC-77E6EB747BBB0DDC4EFE3B285664E168"><Value>CCC-77E6EB747BBB0DDC4EFE3B285664E168</Value></Column><Column Name="XDateInserted" Display="11/2/2023 10:09:28 AM"><Value>2023-11-02T17:09:28.8270000Z</Value></Column><Column Name="XDateUpdated" Display="11/2/2023 10:09:43 AM"><Value>2023-11-02T17:09:43.7630000Z</Value></Column><Column Name="XObjectKey" Display="&lt;Key&gt;&lt;T&gt;QBMCustomSQL&lt;/T&gt;&lt;P&gt;CCC-77E6EB747BBB0DDC4EFE3B285664E168&lt;/P&gt;&lt;/Key&gt;"><Value>&lt;Key&gt;&lt;T&gt;QBMCustomSQL&lt;/T&gt;&lt;P&gt;CCC-77E6EB747BBB0DDC4EFE3B285664E168&lt;/P&gt;&lt;/Key&gt;</Value></Column><Column Name="XTouched" Display="I"><Value>I</Value></Column><Column Name="XUserInserted" Display="viadmin"><Value>viadmin</Value></Column><Column Name="XUserUpdated" Display="viadmin"><Value>viadmin</Value></Column></Columns></DbObject><DbObject Display="CCC_CEFEventClassIDs.CCC_EventClassID" Version="2"><Key><Table Name="QBMCustomSQL" Display="CCC_CEFEventClassIDs.CCC_EventClassID" Key="CCC-847F3D19AF5676FC585C19CA1A5AE87D"><Prop Name="UID_QBMCustomSQL"><Value>CCC-847F3D19AF5676FC585C19CA1A5AE87D</Value></Prop></Table></Key><Columns><Column Name="Remarks"><Value /></Column><Column Name="ScriptCode" Display="exec QBM_PColumnAdd 'CCC_CEFEventClassIDs', 'CCC_EventClassID', 'nvarchar(64) collate database_default NULL'"><Value>exec QBM_PColumnAdd 'CCC_CEFEventClassIDs', 'CCC_EventClassID', 'nvarchar(64) collate database_default NULL'</Value></Column><Column Name="ScriptName" Display="CCC_CEFEventClassIDs.CCC_EventClassID"><Value>CCC_CEFEventClassIDs.CCC_EventClassID</Value></Column><Column Name="ScriptType" Display="Column"><Value>C</Value></Column><Column Name="SortOrder" Display="0"><Value>0</Value></Column><Column Name="UID_QBMCustomSQL" Display="CCC-847F3D19AF5676FC585C19CA1A5AE87D"><Value>CCC-847F3D19AF5676FC585C19CA1A5AE87D</Value></Column><Column Name="XDateInserted" Display="11/2/2023 10:04:56 AM"><Value>2023-11-02T17:04:56.0870000Z</Value></Column><Column Name="XDateUpdated" Display="11/2/2023 10:09:44 AM"><Value>2023-11-02T17:09:44.1270000Z</Value></Column><Column Name="XObjectKey" Display="&lt;Key&gt;&lt;T&gt;QBMCustomSQL&lt;/T&gt;&lt;P&gt;CCC-847F3D19AF5676FC585C19CA1A5AE87D&lt;/P&gt;&lt;/Key&gt;"><Value>&lt;Key&gt;&lt;T&gt;QBMCustomSQL&lt;/T&gt;&lt;P&gt;CCC-847F3D19AF5676FC585C19CA1A5AE87D&lt;/P&gt;&lt;/Key&gt;</Value></Column><Column Name="XTouched" Display="I"><Value>I</Value></Column><Column Name="XUserInserted" Display="viadmin"><Value>viadmin</Value></Column><Column Name="XUserUpdated" Display="viadmin"><Value>viadmin</Value></Column></Columns></DbObject><DbObject Display="CCC_CEFEventClassIDs.XMarkedForDeletion" Version="2"><Key><Table Name="QBMCustomSQL" Display="CCC_CEFEventClassIDs.XMarkedForDeletion" Key="CCC-88B1223B0BAF72AA8E2937FAFD55851D"><Prop Name="UID_QBMCustomSQL"><Value>CCC-88B1223B0BAF72AA8E2937FAFD55851D</Value></Prop></Table></Key><Columns><Column Name="Remarks"><Value /></Column><Column Name="ScriptCode" Display="exec QBM_PColumnAdd 'CCC_CEFEventClassIDs', 'XMarkedForDeletion', 'int default 0 NULL'"><Value>exec QBM_PColumnAdd 'CCC_CEFEventClassIDs', 'XMarkedForDeletion', 'int default 0 NULL'</Value></Column><Column Name="ScriptName" Display="CCC_CEFEventClassIDs.XMarkedForDeletion"><Value>CCC_CEFEventClassIDs.XMarkedForDeletion</Value></Column><Column Name="ScriptType" Display="Column"><Value>C</Value></Column><Column Name="SortOrder" Display="0"><Value>0</Value></Column><Column Name="UID_QBMCustomSQL" Display="CCC-88B1223B0BAF72AA8E2937FAFD55851D"><Value>CCC-88B1223B0BAF72AA8E2937FAFD55851D</Value></Column><Column Name="XDateInserted" Display="11/2/2023 10:04:56 AM"><Value>2023-11-02T17:04:56.0870000Z</Value></Column><Column Name="XDateUpdated" Display="11/2/2023 10:09:44 AM"><Value>2023-11-02T17:09:44.1270000Z</Value></Column><Column Name="XObjectKey" Display="&lt;Key&gt;&lt;T&gt;QBMCustomSQL&lt;/T&gt;&lt;P&gt;CCC-88B1223B0BAF72AA8E2937FAFD55851D&lt;/P&gt;&lt;/Key&gt;"><Value>&lt;Key&gt;&lt;T&gt;QBMCustomSQL&lt;/T&gt;&lt;P&gt;CCC-88B1223B0BAF72AA8E2937FAFD55851D&lt;/P&gt;&lt;/Key&gt;</Value></Column><Column Name="XTouched" Display="I"><Value>I</Value></Column><Column Name="XUserInserted" Display="viadmin"><Value>viadmin</Value></Column><Column Name="XUserUpdated" Display="viadmin"><Value>viadmin</Value></Column></Columns></DbObject><DbObject Display="CCC_CEFMessages.CCC_DateTimeSent" Version="2"><Key><Table Name="QBMCustomSQL" Display="CCC_CEFMessages.CCC_DateTimeSent" Key="CCC-9860A28EE72654CEBC396C3DB1817E76"><Prop Name="UID_QBMCustomSQL"><Value>CCC-9860A28EE72654CEBC396C3DB1817E76</Value></Prop></Table></Key><Columns><Column Name="Remarks"><Value /></Column><Column Name="ScriptCode" Display="exec QBM_PColumnAdd 'CCC_CEFMessages', 'CCC_DateTimeSent', 'datetime NULL'"><Value>exec QBM_PColumnAdd 'CCC_CEFMessages', 'CCC_DateTimeSent', 'datetime NULL'</Value></Column><Column Name="ScriptName" Display="CCC_CEFMessages.CCC_DateTimeSent"><Value>CCC_CEFMessages.CCC_DateTimeSent</Value></Column><Column Name="ScriptType" Display="Column"><Value>C</Value></Column><Column Name="SortOrder" Display="0"><Value>0</Value></Column><Column Name="UID_QBMCustomSQL" Display="CCC-9860A28EE72654CEBC396C3DB1817E76"><Value>CCC-9860A28EE72654CEBC396C3DB1817E76</Value></Column><Column Name="XDateInserted" Display="11/2/2023 10:09:28 AM"><Value>2023-11-02T17:09:28.8270000Z</Value></Column><Column Name="XDateUpdated" Display="11/2/2023 10:09:43 AM"><Value>2023-11-02T17:09:43.7630000Z</Value></Column><Column Name="XObjectKey" Display="&lt;Key&gt;&lt;T&gt;QBMCustomSQL&lt;/T&gt;&lt;P&gt;CCC-9860A28EE72654CEBC396C3DB1817E76&lt;/P&gt;&lt;/Key&gt;"><Value>&lt;Key&gt;&lt;T&gt;QBMCustomSQL&lt;/T&gt;&lt;P&gt;CCC-9860A28EE72654CEBC396C3DB1817E76&lt;/P&gt;&lt;/Key&gt;</Value></Column><Column Name="XTouched" Display="I"><Value>I</Value></Column><Column Name="XUserInserted" Display="viadmin"><Value>viadmin</Value></Column><Column Name="XUserUpdated" Display="viadmin"><Value>viadmin</Value></Column></Columns></DbObject><DbObject Display="CCC_CEFMessages.XObjectKey" Version="2"><Key><Table Name="QBMCustomSQL" Display="CCC_CEFMessages.XObjectKey" Key="CCC-995AF7B69516EF4837FDE777B583E518"><Prop Name="UID_QBMCustomSQL"><Value>CCC-995AF7B69516EF4837FDE777B583E518</Value></Prop></Table></Key><Columns><Column Name="Remarks"><Value /></Column><Column Name="ScriptCode" Display="exec QBM_PColumnAdd 'CCC_CEFMessages', 'XObjectKey', 'varchar(138) collate database_default NOT NULL'"><Value>exec QBM_PColumnAdd 'CCC_CEFMessages', 'XObjectKey', 'varchar(138) collate database_default NOT NULL'</Value></Column><Column Name="ScriptName" Display="CCC_CEFMessages.XObjectKey"><Value>CCC_CEFMessages.XObjectKey</Value></Column><Column Name="ScriptType" Display="Column"><Value>C</Value></Column><Column Name="SortOrder" Display="0"><Value>0</Value></Column><Column Name="UID_QBMCustomSQL" Display="CCC-995AF7B69516EF4837FDE777B583E518"><Value>CCC-995AF7B69516EF4837FDE777B583E518</Value></Column><Column Name="XDateInserted" Display="11/2/2023 10:09:28 AM"><Value>2023-11-02T17:09:28.8270000Z</Value></Column><Column Name="XDateUpdated" Display="11/2/2023 10:09:43 AM"><Value>2023-11-02T17:09:43.7630000Z</Value></Column><Column Name="XObjectKey" Display="&lt;Key&gt;&lt;T&gt;QBMCustomSQL&lt;/T&gt;&lt;P&gt;CCC-995AF7B69516EF4837FDE777B583E518&lt;/P&gt;&lt;/Key&gt;"><Value>&lt;Key&gt;&lt;T&gt;QBMCustomSQL&lt;/T&gt;&lt;P&gt;CCC-995AF7B69516EF4837FDE777B583E518&lt;/P&gt;&lt;/Key&gt;</Value></Column><Column Name="XTouched" Display="I"><Value>I</Value></Column><Column Name="XUserInserted" Display="viadmin"><Value>viadmin</Value></Column><Column Name="XUserUpdated" Display="viadmin"><Value>viadmin</Value></Column></Columns></DbObject><DbObject Display="CCC_CEFMessages.CCC_CEFMessage" Version="2"><Key><Table Name="QBMCustomSQL" Display="CCC_CEFMessages.CCC_CEFMessage" Key="CCC-9BF82FA22EB08CB4A0359F9D825809A6"><Prop Name="UID_QBMCustomSQL"><Value>CCC-9BF82FA22EB08CB4A0359F9D825809A6</Value></Prop></Table></Key><Columns><Column Name="Remarks"><Value /></Column><Column Name="ScriptCode" Display="exec QBM_PColumnAdd 'CCC_CEFMessages', 'CCC_CEFMessage', 'nvarchar(max) collate database_default NULL'"><Value>exec QBM_PColumnAdd 'CCC_CEFMessages', 'CCC_CEFMessage', 'nvarchar(max) collate database_default NULL'</Value></Column><Column Name="ScriptName" Display="CCC_CEFMessages.CCC_CEFMessage"><Value>CCC_CEFMessages.CCC_CEFMessage</Value></Column><Column Name="ScriptType" Display="Column"><Value>C</Value></Column><Column Name="SortOrder" Display="0"><Value>0</Value></Column><Column Name="UID_QBMCustomSQL" Display="CCC-9BF82FA22EB08CB4A0359F9D825809A6"><Value>CCC-9BF82FA22EB08CB4A0359F9D825809A6</Value></Column><Column Name="XDateInserted" Display="11/2/2023 10:09:28 AM"><Value>2023-11-02T17:09:28.8270000Z</Value></Column><Column Name="XDateUpdated" Display="11/2/2023 10:09:43 AM"><Value>2023-11-02T17:09:43.7630000Z</Value></Column><Column Name="XObjectKey" Display="&lt;Key&gt;&lt;T&gt;QBMCustomSQL&lt;/T&gt;&lt;P&gt;CCC-9BF82FA22EB08CB4A0359F9D825809A6&lt;/P&gt;&lt;/Key&gt;"><Value>&lt;Key&gt;&lt;T&gt;QBMCustomSQL&lt;/T&gt;&lt;P&gt;CCC-9BF82FA22EB08CB4A0359F9D825809A6&lt;/P&gt;&lt;/Key&gt;</Value></Column><Column Name="XTouched" Display="I"><Value>I</Value></Column><Column Name="XUserInserted" Display="viadmin"><Value>viadmin</Value></Column><Column Name="XUserUpdated" Display="viadmin"><Value>viadmin</Value></Column></Columns></DbObject><DbObject Display="CCC_CEFMessages.XTouched" Version="2"><Key><Table Name="QBMCustomSQL" Display="CCC_CEFMessages.XTouched" Key="CCC-A21E01187E9DCEE2295CCA666DE25A5E"><Prop Name="UID_QBMCustomSQL"><Value>CCC-A21E01187E9DCEE2295CCA666DE25A5E</Value></Prop></Table></Key><Columns><Column Name="Remarks"><Value /></Column><Column Name="ScriptCode" Display="exec QBM_PColumnAdd 'CCC_CEFMessages', 'XTouched', 'nchar(1) collate database_default NULL'"><Value>exec QBM_PColumnAdd 'CCC_CEFMessages', 'XTouched', 'nchar(1) collate database_default NULL'</Value></Column><Column Name="ScriptName" Display="CCC_CEFMessages.XTouched"><Value>CCC_CEFMessages.XTouched</Value></Column><Column Name="ScriptType" Display="Column"><Value>C</Value></Column><Column Name="SortOrder" Display="0"><Value>0</Value></Column><Column Name="UID_QBMCustomSQL" Display="CCC-A21E01187E9DCEE2295CCA666DE25A5E"><Value>CCC-A21E01187E9DCEE2295CCA666DE25A5E</Value></Column><Column Name="XDateInserted" Display="11/2/2023 10:09:28 AM"><Value>2023-11-02T17:09:28.8270000Z</Value></Column><Column Name="XDateUpdated" Display="11/2/2023 10:09:43 AM"><Value>2023-11-02T17:09:43.7630000Z</Value></Column><Column Name="XObjectKey" Display="&lt;Key&gt;&lt;T&gt;QBMCustomSQL&lt;/T&gt;&lt;P&gt;CCC-A21E01187E9DCEE2295CCA666DE25A5E&lt;/P&gt;&lt;/Key&gt;"><Value>&lt;Key&gt;&lt;T&gt;QBMCustomSQL&lt;/T&gt;&lt;P&gt;CCC-A21E01187E9DCEE2295CCA666DE25A5E&lt;/P&gt;&lt;/Key&gt;</Value></Column><Column Name="XTouched" Display="I"><Value>I</Value></Column><Column Name="XUserInserted" Display="viadmin"><Value>viadmin</Value></Column><Column Name="XUserUpdated" Display="viadmin"><Value>viadmin</Value></Column></Columns></DbObject><DbObject Display="CCC_CEFMessages.XUserInserted" Version="2"><Key><Table Name="QBMCustomSQL" Display="CCC_CEFMessages.XUserInserted" Key="CCC-AC9C67FAD21C5C550E5ACA818D652103"><Prop Name="UID_QBMCustomSQL"><Value>CCC-AC9C67FAD21C5C550E5ACA818D652103</Value></Prop></Table></Key><Columns><Column Name="Remarks"><Value /></Column><Column Name="ScriptCode" Display="exec QBM_PColumnAdd 'CCC_CEFMessages', 'XUserInserted', 'nvarchar(64) collate database_default NULL'"><Value>exec QBM_PColumnAdd 'CCC_CEFMessages', 'XUserInserted', 'nvarchar(64) collate database_default NULL'</Value></Column><Column Name="ScriptName" Display="CCC_CEFMessages.XUserInserted"><Value>CCC_CEFMessages.XUserInserted</Value></Column><Column Name="ScriptType" Display="Column"><Value>C</Value></Column><Column Name="SortOrder" Display="0"><Value>0</Value></Column><Column Name="UID_QBMCustomSQL" Display="CCC-AC9C67FAD21C5C550E5ACA818D652103"><Value>CCC-AC9C67FAD21C5C550E5ACA818D652103</Value></Column><Column Name="XDateInserted" Display="11/2/2023 10:09:28 AM"><Value>2023-11-02T17:09:28.8270000Z</Value></Column><Column Name="XDateUpdated" Display="11/2/2023 10:09:43 AM"><Value>2023-11-02T17:09:43.7630000Z</Value></Column><Column Name="XObjectKey" Display="&lt;Key&gt;&lt;T&gt;QBMCustomSQL&lt;/T&gt;&lt;P&gt;CCC-AC9C67FAD21C5C550E5ACA818D652103&lt;/P&gt;&lt;/Key&gt;"><Value>&lt;Key&gt;&lt;T&gt;QBMCustomSQL&lt;/T&gt;&lt;P&gt;CCC-AC9C67FAD21C5C550E5ACA818D652103&lt;/P&gt;&lt;/Key&gt;</Value></Column><Column Name="XTouched" Display="I"><Value>I</Value></Column><Column Name="XUserInserted" Display="viadmin"><Value>viadmin</Value></Column><Column Name="XUserUpdated" Display="viadmin"><Value>viadmin</Value></Column></Columns></DbObject><DbObject Display="CCC_CEFMessages.CCC_XCCCC_CEFMessages" Version="2"><Key><Table Name="QBMCustomSQL" Display="CCC_CEFMessages.CCC_XCCCC_CEFMessages" Key="CCC-D407E3EF6AFFB15B6399879009E57618"><Prop Name="UID_QBMCustomSQL"><Value>CCC-D407E3EF6AFFB15B6399879009E57618</Value></Prop></Table></Key><Columns><Column Name="Remarks"><Value /></Column><Column Name="ScriptCode" Display="exec QBM_PIndexCreate 'CCC_CEFMessages', 'CCC_XCCCC_CEFMessages', 1, 'XObjectKey'"><Value>exec QBM_PIndexCreate 'CCC_CEFMessages', 'CCC_XCCCC_CEFMessages', 1, 'XObjectKey'</Value></Column><Column Name="ScriptName" Display="CCC_CEFMessages.CCC_XCCCC_CEFMessages"><Value>CCC_CEFMessages.CCC_XCCCC_CEFMessages</Value></Column><Column Name="ScriptType" Display="Index"><Value>I</Value></Column><Column Name="SortOrder" Display="0"><Value>0</Value></Column><Column Name="UID_QBMCustomSQL" Display="CCC-D407E3EF6AFFB15B6399879009E57618"><Value>CCC-D407E3EF6AFFB15B6399879009E57618</Value></Column><Column Name="XDateInserted" Display="11/2/2023 10:09:28 AM"><Value>2023-11-02T17:09:28.8270000Z</Value></Column><Column Name="XDateUpdated" Display="11/2/2023 10:09:43 AM"><Value>2023-11-02T17:09:43.7630000Z</Value></Column><Column Name="XObjectKey" Display="&lt;Key&gt;&lt;T&gt;QBMCustomSQL&lt;/T&gt;&lt;P&gt;CCC-D407E3EF6AFFB15B6399879009E57618&lt;/P&gt;&lt;/Key&gt;"><Value>&lt;Key&gt;&lt;T&gt;QBMCustomSQL&lt;/T&gt;&lt;P&gt;CCC-D407E3EF6AFFB15B6399879009E57618&lt;/P&gt;&lt;/Key&gt;</Value></Column><Column Name="XTouched" Display="I"><Value>I</Value></Column><Column Name="XUserInserted" Display="viadmin"><Value>viadmin</Value></Column><Column Name="XUserUpdated" Display="viadmin"><Value>viadmin</Value></Column></Columns></DbObject><DbObject Display="CCC_CEFEventClassIDs.XTouched" Version="2"><Key><Table Name="QBMCustomSQL" Display="CCC_CEFEventClassIDs.XTouched" Key="CCC-DBFC287FF3FEDE958DAD58629598FE50"><Prop Name="UID_QBMCustomSQL"><Value>CCC-DBFC287FF3FEDE958DAD58629598FE50</Value></Prop></Table></Key><Columns><Column Name="Remarks"><Value /></Column><Column Name="ScriptCode" Display="exec QBM_PColumnAdd 'CCC_CEFEventClassIDs', 'XTouched', 'nchar(1) collate database_default NULL'"><Value>exec QBM_PColumnAdd 'CCC_CEFEventClassIDs', 'XTouched', 'nchar(1) collate database_default NULL'</Value></Column><Column Name="ScriptName" Display="CCC_CEFEventClassIDs.XTouched"><Value>CCC_CEFEventClassIDs.XTouched</Value></Column><Column Name="ScriptType" Display="Column"><Value>C</Value></Column><Column Name="SortOrder" Display="0"><Value>0</Value></Column><Column Name="UID_QBMCustomSQL" Display="CCC-DBFC287FF3FEDE958DAD58629598FE50"><Value>CCC-DBFC287FF3FEDE958DAD58629598FE50</Value></Column><Column Name="XDateInserted" Display="11/2/2023 10:04:56 AM"><Value>2023-11-02T17:04:56.0870000Z</Value></Column><Column Name="XDateUpdated" Display="11/2/2023 10:09:44 AM"><Value>2023-11-02T17:09:44.1270000Z</Value></Column><Column Name="XObjectKey" Display="&lt;Key&gt;&lt;T&gt;QBMCustomSQL&lt;/T&gt;&lt;P&gt;CCC-DBFC287FF3FEDE958DAD58629598FE50&lt;/P&gt;&lt;/Key&gt;"><Value>&lt;Key&gt;&lt;T&gt;QBMCustomSQL&lt;/T&gt;&lt;P&gt;CCC-DBFC287FF3FEDE958DAD58629598FE50&lt;/P&gt;&lt;/Key&gt;</Value></Column><Column Name="XTouched" Display="I"><Value>I</Value></Column><Column Name="XUserInserted" Display="viadmin"><Value>viadmin</Value></Column><Column Name="XUserUpdated" Display="viadmin"><Value>viadmin</Value></Column></Columns></DbObject><DbObject Display="CCC_CEFEventClassIDs.XDateUpdated" Version="2"><Key><Table Name="QBMCustomSQL" Display="CCC_CEFEventClassIDs.XDateUpdated" Key="CCC-E5DC08205425893DE4B7692D6AA5D997"><Prop Name="UID_QBMCustomSQL"><Value>CCC-E5DC08205425893DE4B7692D6AA5D997</Value></Prop></Table></Key><Columns><Column Name="Remarks"><Value /></Column><Column Name="ScriptCode" Display="exec QBM_PColumnAdd 'CCC_CEFEventClassIDs', 'XDateUpdated', 'datetime NULL'"><Value>exec QBM_PColumnAdd 'CCC_CEFEventClassIDs', 'XDateUpdated', 'datetime NULL'</Value></Column><Column Name="ScriptName" Display="CCC_CEFEventClassIDs.XDateUpdated"><Value>CCC_CEFEventClassIDs.XDateUpdated</Value></Column><Column Name="ScriptType" Display="Column"><Value>C</Value></Column><Column Name="SortOrder" Display="0"><Value>0</Value></Column><Column Name="UID_QBMCustomSQL" Display="CCC-E5DC08205425893DE4B7692D6AA5D997"><Value>CCC-E5DC08205425893DE4B7692D6AA5D997</Value></Column><Column Name="XDateInserted" Display="11/2/2023 10:04:56 AM"><Value>2023-11-02T17:04:56.0870000Z</Value></Column><Column Name="XDateUpdated" Display="11/2/2023 10:09:44 AM"><Value>2023-11-02T17:09:44.1270000Z</Value></Column><Column Name="XObjectKey" Display="&lt;Key&gt;&lt;T&gt;QBMCustomSQL&lt;/T&gt;&lt;P&gt;CCC-E5DC08205425893DE4B7692D6AA5D997&lt;/P&gt;&lt;/Key&gt;"><Value>&lt;Key&gt;&lt;T&gt;QBMCustomSQL&lt;/T&gt;&lt;P&gt;CCC-E5DC08205425893DE4B7692D6AA5D997&lt;/P&gt;&lt;/Key&gt;</Value></Column><Column Name="XTouched" Display="I"><Value>I</Value></Column><Column Name="XUserInserted" Display="viadmin"><Value>viadmin</Value></Column><Column Name="XUserUpdated" Display="viadmin"><Value>viadmin</Value></Column></Columns></DbObject><DbObject Display="CCC_CEFMessages.XDateInserted" Version="2"><Key><Table Name="QBMCustomSQL" Display="CCC_CEFMessages.XDateInserted" Key="CCC-E9427A3FE423F9767E0E04A6D2CABD9C"><Prop Name="UID_QBMCustomSQL"><Value>CCC-E9427A3FE423F9767E0E04A6D2CABD9C</Value></Prop></Table></Key><Columns><Column Name="Remarks"><Value /></Column><Column Name="ScriptCode" Display="exec QBM_PColumnAdd 'CCC_CEFMessages', 'XDateInserted', 'datetime NULL'"><Value>exec QBM_PColumnAdd 'CCC_CEFMessages', 'XDateInserted', 'datetime NULL'</Value></Column><Column Name="ScriptName" Display="CCC_CEFMessages.XDateInserted"><Value>CCC_CEFMessages.XDateInserted</Value></Column><Column Name="ScriptType" Display="Column"><Value>C</Value></Column><Column Name="SortOrder" Display="0"><Value>0</Value></Column><Column Name="UID_QBMCustomSQL" Display="CCC-E9427A3FE423F9767E0E04A6D2CABD9C"><Value>CCC-E9427A3FE423F9767E0E04A6D2CABD9C</Value></Column><Column Name="XDateInserted" Display="11/2/2023 10:09:28 AM"><Value>2023-11-02T17:09:28.8270000Z</Value></Column><Column Name="XDateUpdated" Display="11/2/2023 10:09:43 AM"><Value>2023-11-02T17:09:43.7630000Z</Value></Column><Column Name="XObjectKey" Display="&lt;Key&gt;&lt;T&gt;QBMCustomSQL&lt;/T&gt;&lt;P&gt;CCC-E9427A3FE423F9767E0E04A6D2CABD9C&lt;/P&gt;&lt;/Key&gt;"><Value>&lt;Key&gt;&lt;T&gt;QBMCustomSQL&lt;/T&gt;&lt;P&gt;CCC-E9427A3FE423F9767E0E04A6D2CABD9C&lt;/P&gt;&lt;/Key&gt;</Value></Column><Column Name="XTouched" Display="I"><Value>I</Value></Column><Column Name="XUserInserted" Display="viadmin"><Value>viadmin</Value></Column><Column Name="XUserUpdated" Display="viadmin"><Value>viadmin</Value></Column></Columns></DbObject><DbObject Display="CCC_CEFMessages.XUserUpdated" Version="2"><Key><Table Name="QBMCustomSQL" Display="CCC_CEFMessages.XUserUpdated" Key="CCC-F94F7FF59AFCE4BA595290EF0E997FB6"><Prop Name="UID_QBMCustomSQL"><Value>CCC-F94F7FF59AFCE4BA595290EF0E997FB6</Value></Prop></Table></Key><Columns><Column Name="Remarks"><Value /></Column><Column Name="ScriptCode" Display="exec QBM_PColumnAdd 'CCC_CEFMessages', 'XUserUpdated', 'nvarchar(64) collate database_default NULL'"><Value>exec QBM_PColumnAdd 'CCC_CEFMessages', 'XUserUpdated', 'nvarchar(64) collate database_default NULL'</Value></Column><Column Name="ScriptName" Display="CCC_CEFMessages.XUserUpdated"><Value>CCC_CEFMessages.XUserUpdated</Value></Column><Column Name="ScriptType" Display="Column"><Value>C</Value></Column><Column Name="SortOrder" Display="0"><Value>0</Value></Column><Column Name="UID_QBMCustomSQL" Display="CCC-F94F7FF59AFCE4BA595290EF0E997FB6"><Value>CCC-F94F7FF59AFCE4BA595290EF0E997FB6</Value></Column><Column Name="XDateInserted" Display="11/2/2023 10:09:28 AM"><Value>2023-11-02T17:09:28.8270000Z</Value></Column><Column Name="XDateUpdated" Display="11/2/2023 10:09:43 AM"><Value>2023-11-02T17:09:43.7630000Z</Value></Column><Column Name="XObjectKey" Display="&lt;Key&gt;&lt;T&gt;QBMCustomSQL&lt;/T&gt;&lt;P&gt;CCC-F94F7FF59AFCE4BA595290EF0E997FB6&lt;/P&gt;&lt;/Key&gt;"><Value>&lt;Key&gt;&lt;T&gt;QBMCustomSQL&lt;/T&gt;&lt;P&gt;CCC-F94F7FF59AFCE4BA595290EF0E997FB6&lt;/P&gt;&lt;/Key&gt;</Value></Column><Column Name="XTouched" Display="I"><Value>I</Value></Column><Column Name="XUserInserted" Display="viadmin"><Value>viadmin</Value></Column><Column Name="XUserUpdated" Display="viadmin"><Value>viadmin</Value></Column></Columns></DbObject></DbObjects>